,sip_ct,sip_pkt_size_ct
192.29.62.171,493,736150
114.152.108.92,144,4608
141.42.29.31,1,40
38.245.188.86,194,6984
68.74.189.228,3,120
185.72.27.101,40,1600
185.72.27.66,207,8280
145.236.119.71,60,2400
183.246.207.50,1,76
173.221.209.57,307,443071
81.109.202.4,70,2800
81.109.202.11,37,1480
185.62.237.173,3261,325991
172.249.31.66,7,7759
211.181.159.241,1,60
190.54.236.144,1,40
185.72.27.70,67,2680
204.194.145.251,2361,387286
192.33.42.167,12,14322
190.47.71.148,1,44
126.26.254.114,388,189732
54.255.8.200,12,1191
178.222.78.60,1,40
134.214.83.31,3,120
173.221.216.139,343,493597
196.180.49.38,10,440
172.201.162.113,1,40
61.167.17.250,4,283
159.52.166.94,10,400
185.104.111.133,5,280
46.231.172.31,88,3520
172.249.31.68,12,3175
171.146.23.252,1,52
159.141.14.194,2,166
31.113.147.177,24,6346
81.109.202.49,176,7040
123.189.98.16,2,80
222.186.53.35,8,320
185.72.27.26,209,8360
218.103.115.142,1,60
172.249.30.54,9,4735
172.249.30.5,52,66410
128.78.171.178,72,11008
123.107.206.72,1,60
82.54.174.197,49,1960
216.68.133.177,27,11070
123.7.230.143,1,40
185.72.27.1,23,920
82.222.210.176,5,200
113.104.25.124,1,48
31.113.147.112,10,751
52.30.174.173,1,40
81.109.202.16,37,1480
192.120.148.227,78,4680
39.46.150.59,1,93
182.243.228.236,132,185115
43.217.140.162,54,9559
81.109.202.36,59,2360
123.234.129.254,1,48
77.75.58.17,1,52
159.52.174.206,192,7680
40.75.89.172,61,3660
31.113.147.113,118,71016
87.59.82.222,185,7400
81.109.202.69,26,1040
13.161.234.159,114,160594
34.199.158.55,17,11409
195.51.204.249,13,676
81.109.202.48,190,7600
54.134.238.186,2,146
138.95.58.22,1,44
5.64.104.148,2,80
17.147.81.27,8,814
52.251.166.101,1,76
71.230.250.9,2,80
81.109.202.26,219,8760
185.72.26.31,13,520
188.11.61.27,1,48
23.76.195.219,60,51025
203.147.136.170,1,52
82.189.33.46,1,40
92.204.182.184,2,96
81.109.202.10,30,1200
111.217.209.31,1,60
185.72.27.118,16,640
107.164.159.109,66,2640
17.192.163.168,4,326
110.210.207.140,1,44
47.120.129.65,1,64
81.109.202.46,165,6600
180.151.225.93,14,616
71.230.250.153,1,40
172.249.162.133,9,2605
94.198.29.227,1,40
195.208.253.181,31,1240
118.91.157.237,1,40
138.68.58.24,4,240
198.58.73.202,3,120
13.161.234.239,19,20558
89.199.67.26,5,220
5.189.61.210,144,186865
113.151.238.236,1,40
212.201.231.38,1,52
176.219.14.114,1,40
31.113.147.98,203,234787
162.194.50.134,8,4572
102.97.170.233,1,32
108.73.130.252,31,1612
106.51.22.211,1,52
193.216.222.159,47,1880
139.232.222.70,1,76
192.49.201.102,1,40
196.180.49.57,8,352
185.72.27.6,22,880
138.208.79.98,1,44
71.230.250.175,1,40
14.53.141.59,4,160
162.194.50.126,41,6265
58.195.57.123,1,48
120.180.155.149,27,1188
114.168.255.115,1,40
185.72.27.121,32,1280
52.102.135.85,34,24673
172.249.30.61,6,400
206.57.241.177,39,5424
139.190.130.192,1,40
108.73.145.146,8,692
218.128.12.180,10,1531
196.180.49.70,9,396
196.180.49.79,7,308
191.114.28.239,1,40
189.244.127.197,1,44
176.30.62.70,2,100
191.107.170.216,1,40
195.208.244.146,262,10480
118.134.61.97,1,40
79.97.75.28,2,100
172.249.30.155,182,259640
89.224.175.220,4,336
18.182.99.194,27,3421
172.249.30.145,18,5824
78.129.198.229,1,40
185.72.26.63,13,520
197.233.209.65,1,60
71.230.250.10,1,40
178.245.140.137,10,400
185.72.27.41,28,1120
51.173.229.255,64,3840
126.197.88.165,7,1395
134.214.55.84,6,240
139.253.188.67,64,3072
219.109.132.78,1,58
202.1.175.252,60,3600
5.64.104.129,3,120
172.249.28.78,7,828
88.11.63.85,2,80
185.213.49.122,9,360
173.221.210.77,6,2991
54.35.139.200,1,76
206.195.27.1,68,14555
149.148.160.186,1,40
52.252.21.213,1,76
45.125.82.119,6,240
220.166.38.126,1,60
172.249.25.142,33,8347
138.57.112.54,1,60
71.230.250.230,1,40
173.241.198.147,2,200
89.235.172.234,1,40
92.17.189.27,3,252
94.209.131.47,2,80
59.163.8.231,1,40
185.72.27.145,51,2040
115.57.55.34,1,76
90.112.164.246,1,40
193.216.222.153,33,1320
121.220.111.188,1,40
126.12.235.2,54,6950
124.39.222.244,1,52
36.164.21.20,27,1188
77.241.122.240,28,1120
185.72.26.104,25,1000
185.252.120.253,38,2280
46.231.172.29,43,1720
60.89.216.238,1,60
138.221.35.73,7,280
81.250.138.53,1,52
94.15.235.39,4,272
205.58.78.27,1,230
172.249.162.131,86,32602
194.96.126.164,166,6640
165.116.243.161,9,360
206.190.202.178,13,520
173.221.209.237,3,170
202.219.200.28,1,52
185.58.120.116,1,40
142.161.196.17,8,320
106.50.77.0,1,76
61.75.61.40,3,132
36.241.95.231,1,76
178.102.191.181,1,48
104.248.1.195,7,280
47.244.22.28,251,353706
111.253.141.145,1,48
54.139.82.46,15,1008
52.251.120.160,1,76
172.249.28.73,14,2424
134.214.85.223,4,160
108.187.78.129,1,625
197.41.79.232,1,40
129.196.32.21,1,216
84.170.36.202,1,48
51.81.166.201,14,840
173.221.209.233,3,176
207.72.144.90,5,625
52.250.66.122,2,104
185.72.26.109,5,200
140.229.219.167,1,76
221.24.197.38,1,48
172.249.28.110,6,826
1.147.177.91,35,3026
80.212.114.72,20,916
45.126.241.191,1,76
54.240.184.109,1,631
17.193.185.205,2762,3938612
54.48.30.68,20,6050
126.48.90.125,4,310
46.183.206.79,1,40
125.175.42.90,1,52
71.230.250.103,1,40
216.68.133.227,35,3442
107.164.183.121,107,4280
71.230.250.145,1,40
219.102.21.243,1,48
139.68.229.167,5,200
183.188.60.2,12,3763
123.140.220.73,2,256
197.37.45.172,1,40
120.133.136.45,2,80
223.50.2.55,1,52
117.27.43.63,63,9718
114.233.90.136,1,132
208.98.225.46,1,216
92.76.115.49,1,60
113.247.120.22,3,192
23.83.251.94,5,322
54.136.42.234,16,1622
116.47.215.197,1,40
104.11.208.160,44,48068
54.186.87.235,7,4821
116.179.184.20,1,40
110.157.0.195,1,48
47.252.179.131,3,120
116.138.198.15,1,52
139.68.232.31,8,320
46.231.172.26,44,1760
218.175.200.34,1,48
78.103.176.219,1,40
110.52.239.53,1,76
134.214.180.160,7,280
68.74.17.143,2,80
123.195.149.46,16,2774
213.233.4.243,1,44
181.57.147.121,2,80
59.62.78.105,1,76
172.249.30.14,10,2012
110.88.241.42,1,40
95.52.44.217,1,52
196.180.49.5,8,352
196.180.49.2,14,616
64.22.160.130,9,480
113.151.187.139,1,76
24.186.52.207,1,40
119.102.208.51,1,132
92.89.158.38,1,32
13.4.142.54,16,1639
102.102.154.185,1,32
219.104.149.93,1,40
71.230.250.245,2,80
196.180.49.67,1,45
185.0.65.16,54,2160
37.106.161.172,1,40
181.205.119.126,1,32
45.212.71.58,6,287
78.65.32.46,1,44
81.204.213.168,2,168
108.73.145.13,23,3294
185.72.26.20,9,360
183.188.61.226,178,236863
222.71.39.24,1,52
43.194.53.125,1,44
80.215.15.115,1,40
46.231.172.30,60,2400
156.54.232.103,1,40
106.68.34.138,1,52
41.215.236.152,1,60
42.88.74.206,1,86
188.175.214.69,5,200
172.103.153.252,2,80
71.230.250.89,2,80
142.161.195.55,4,160
103.102.86.184,1,40
3.200.53.101,1,76
45.126.10.171,13,520
27.2.66.38,15,600
188.192.238.199,1,44
172.119.52.97,9,1906
13.30.125.15,21,1464
190.30.201.121,473,654868
47.122.67.185,3,252
183.188.62.4,11,11382
220.202.165.104,16,640
42.248.35.105,1,76
159.153.172.26,4,160
61.93.180.38,1,52
113.13.250.100,1,32
185.72.26.105,22,880
173.221.209.9,363,495418
185.209.77.125,74,4440
5.23.137.141,2,168
107.178.205.44,1,52
211.236.126.182,1,40
107.178.196.229,1,52
18.213.243.118,12,5856
151.106.127.201,23,1012
13.206.225.155,1,40
141.149.144.225,1,52
82.44.85.14,7,280
196.180.49.66,8,608
203.70.15.68,4,336
171.201.89.141,1,76
196.180.49.68,4,176
125.234.208.97,1,40
103.212.96.142,1,52
95.249.96.104,1,44
74.193.127.23,117,168609
104.248.236.24,22,2480
111.163.105.161,1,76
185.252.221.169,2,116
186.246.210.94,1,44
88.11.63.94,2,80
185.72.27.142,28,1120
185.72.27.78,29,1160
172.102.228.13,2,80
172.249.31.64,25,8768
31.133.152.182,1,40
74.193.190.141,12,3912
206.30.60.98,2,80
219.253.70.145,1,76
185.72.27.133,41,1640
201.117.82.241,1,40
31.113.47.4,2,80
74.193.223.244,1,52
210.131.143.4,1,84
49.124.81.93,1,40
114.45.102.239,1,60
115.206.202.34,2,80
18.178.83.50,1,76
60.23.254.4,1,40
114.60.43.169,1850,2723200
80.181.11.122,1,40
185.48.173.62,54,2160
185.134.52.211,14,1694
64.22.165.172,5,260
108.10.14.132,1,60
125.14.183.81,3,120
217.64.198.240,1,60
196.180.49.191,6,264
5.188.105.103,8,1508
60.20.45.41,1,76
17.188.246.185,3,262
200.83.67.17,1,40
114.49.2.35,9,828
125.35.139.252,1,44
37.17.208.31,1,40
182.138.199.32,1,52
61.45.104.158,2,104
92.67.254.101,10,400
71.130.107.183,1,60
139.173.159.2,1,40
178.114.184.242,1,44
115.203.1.195,1,60
31.163.191.215,1,40
52.81.45.48,1,220
209.169.148.3,1,40
202.197.196.212,1,112
112.228.202.132,1,48
119.103.37.119,1,52
151.150.187.189,1,52
196.180.49.25,7,224
88.55.231.149,1,44
216.68.133.181,14,4911
118.91.100.68,1,40
115.191.71.83,1,40
188.175.98.63,10,400
142.161.151.150,3,120
91.16.11.24,3,120
217.149.244.160,1,58
182.133.211.121,1,48
191.240.127.62,1,60
46.173.38.44,1,60
103.195.6.126,1,52
60.122.24.143,1,76
76.33.116.167,1,60
58.249.190.59,71,63147
182.187.196.28,2,104
206.190.30.175,2,80
210.154.7.194,9,2106
67.195.108.111,2,80
42.90.123.172,1,76
31.113.147.71,527,668882
73.33.232.31,1,40
172.249.28.98,1,52
103.44.12.129,6,340
177.45.241.131,1,32
172.249.25.177,49,9766
138.4.81.97,5,200
202.9.132.85,1,60
61.26.0.89,8,320
61.74.210.93,1,58
71.230.250.192,1,40
134.107.59.49,4,472
54.208.164.59,1,76
74.193.190.124,6,386
46.228.101.37,6,264
185.48.172.155,20,800
205.58.79.180,1,240
5.64.104.158,2,80
177.65.122.141,1,40
196.180.49.28,9,396
172.102.248.212,2,80
64.22.165.173,2,169
108.73.145.12,9,1562
1.143.16.168,1,48
188.175.96.131,2,80
185.0.65.10,14,560
196.180.49.188,9,396
142.161.236.75,5,200
31.113.147.64,53,12076
156.56.158.160,1,40
150.79.245.75,95,121448
123.183.213.19,1,76
27.64.115.36,1,58
150.145.169.226,1,44
185.72.26.45,9,360
92.8.58.140,28,1120
2.16.41.124,1,52
92.67.254.131,9,360
173.243.206.100,1,44
118.134.193.35,1,40
112.240.81.57,1,60
119.108.4.173,1,52
27.33.139.8,2,80
196.180.49.59,6,264
126.48.90.123,2,158
171.225.72.142,1,60
115.155.248.198,1,40
14.233.252.252,23,920
71.230.134.127,2,88
88.11.63.82,1,40
94.195.119.86,1,40
80.156.152.4,1,44
61.26.176.83,1,40
185.72.27.53,19,760
71.230.146.118,21,931
172.103.157.2,1,40
52.72.205.97,1,40
67.74.205.246,1,40
132.145.151.51,10,400
172.249.30.4,2,80
91.196.137.0,1,48
106.55.216.48,1,76
13.161.234.217,5,353
76.211.153.62,1,40
54.240.173.68,7,9262
112.244.244.229,1,52
142.161.238.230,8,320
182.177.89.9,1,40
79.105.159.52,1,40
46.85.157.114,1,40
17.157.186.242,3,443
159.153.205.198,1,40
172.249.28.99,9,7356
178.98.89.129,1,76
45.125.123.150,2,80
52.14.220.169,1,76
120.180.155.148,28,1232
216.211.36.138,3,346
201.198.22.136,1,40
118.14.0.170,27,1591
92.194.201.202,1,40
144.139.174.209,1,40
197.130.192.235,1,40
113.112.55.42,1,60
222.217.61.164,1,60
121.179.3.127,1,40
89.209.44.190,6,312
91.19.23.81,6,336
211.51.249.226,1,40
115.65.254.5,1,44
139.231.149.131,12,480
35.9.59.117,1,40
85.141.197.184,1,40
104.7.252.5,53,61684
222.222.83.50,1,52
60.67.216.178,8,352
88.105.83.52,1,40
121.66.63.70,4,442
188.163.119.189,1,76
46.74.199.128,1,116
166.170.50.40,10,840
64.22.164.115,6,1111
206.190.240.158,5,362
36.19.238.170,1,60
5.148.50.75,1,44
172.249.30.157,11,2127
59.50.194.190,1,60
23.61.108.85,1,40
151.150.187.80,189,279543
37.17.176.204,2,80
114.171.87.25,1,52
36.26.131.206,2,80
101.152.233.110,10,1016
67.172.125.141,4,144
182.243.230.28,101,121051
24.69.98.127,4,336
117.205.150.162,1,52
35.89.61.166,21,1575
112.239.241.176,1,76
14.71.150.93,1,60
160.160.102.70,1,32
119.225.244.248,1,60
119.48.248.40,38,2228
202.85.83.21,3,120
203.136.241.10,1,44
60.17.223.26,1,52
112.16.221.22,1,40
54.95.105.119,1,60
125.34.247.210,1,44
117.234.213.109,1,40
216.68.138.21,4,1161
183.174.28.51,1,52
119.75.44.230,1,60
196.180.49.39,4,176
172.249.30.58,1,52
68.74.23.188,4,160
97.5.169.228,1,108
105.135.96.5,1,32
88.11.63.77,4,160
189.208.50.78,1,40
162.12.5.31,5,200
152.20.246.129,5,2104
54.33.3.134,1,76
88.55.138.25,1,40
195.155.65.19,5,200
197.249.226.233,1,40
47.244.37.186,1,84
106.172.5.213,1,52
88.11.63.89,3,120
60.143.41.37,1,40
66.46.247.62,2,80
222.70.84.8,1,52
172.249.162.199,5,323
120.180.155.151,42,1848
197.48.139.93,1,40
185.72.27.113,35,1400
136.169.107.201,1,60
218.128.12.192,24,2483
108.73.145.19,7,328
159.137.236.63,1,40
198.95.142.133,1,40
121.143.33.174,1,60
13.204.192.87,1,76
151.150.76.80,8,8494
139.173.157.40,2,80
222.152.31.65,1,44
52.249.3.47,3,930
86.235.92.228,1,84
158.81.20.238,1,40
64.22.164.114,9,1130
61.121.82.65,1,56
172.249.162.201,12,2177
211.227.63.37,1,60
54.141.46.42,1,40
216.68.133.238,5,559
197.37.242.59,1,40
40.128.216.247,1,60
172.76.197.107,3,800
5.64.104.150,2,80
189.43.185.86,2,80
113.161.91.128,1,52
211.236.126.178,1,40
212.204.142.195,1,60
202.18.32.184,1,40
198.15.145.129,7,308
92.11.4.215,1,44
171.211.91.63,1,60
205.58.72.160,2,552
178.222.53.116,1,40
167.148.79.19,7,280
101.63.39.244,1,60
179.113.43.245,1,32
62.237.51.50,879,1317336
178.191.61.94,5,420
64.65.244.166,1,40
222.65.241.105,1,52
46.152.138.250,1,40
172.249.162.142,50,16585
198.52.194.195,1,123
198.52.194.186,1,123
115.64.147.109,1,44
46.234.223.66,11,1159
72.243.39.183,8,664
46.42.85.31,2,80
139.173.147.5,4,160
23.76.194.114,3,327
121.164.72.138,1,60
165.116.243.41,14,560
123.254.62.252,1,44
176.57.131.101,2,100
72.243.39.171,4,332
216.202.230.134,13,520
78.73.107.14,1,44
192.127.18.193,9,736
185.72.27.97,16,640
42.226.225.143,1,60
189.204.67.231,1,44
94.105.21.99,1,52
121.96.233.242,1,76
42.83.13.130,1,40
125.251.92.170,1,60
196.180.49.58,5,220
202.114.134.62,1,44
73.28.124.101,1,52
198.15.182.21,7,299
167.148.99.50,5,200
156.56.119.75,1,40
151.150.76.67,6,312
110.52.158.3,1,40
122.11.16.204,1,48
183.173.135.219,1,52
46.90.19.248,1,58
205.58.72.228,1,264
31.113.147.79,196,274603
31.163.176.22,1,40
52.251.6.253,1,76
118.25.128.204,1,40
123.62.35.61,2,196
122.232.19.92,69,3135
81.105.211.204,1,60
182.89.137.195,1,40
181.128.191.40,1,78
134.214.247.119,5,200
151.78.214.105,2,80
218.203.214.181,1,143
162.12.51.215,2,80
172.249.12.120,1,444
110.67.3.1,1,52
88.11.63.93,3,120
71.230.251.248,3,120
61.127.107.83,1,48
51.225.134.12,11,1798
218.99.215.83,4,160
182.75.162.108,1,52
178.223.228.104,1,40
142.161.201.125,3,120
17.158.126.25,11,3919
128.221.90.140,4,160
95.28.31.94,2,100
101.63.39.67,1,60
205.58.74.21,1,286
13.161.234.250,11,789
13.205.228.239,1,76
124.152.246.128,2,120
192.148.95.172,1,60
47.87.202.181,5,575
123.185.130.32,1,48
202.129.62.160,2,304
52.254.25.19,1,76
119.194.63.144,1,40
41.191.27.55,1,48
134.249.117.15,1,40
201.132.132.75,1,40
156.58.158.224,1,62
196.4.228.128,1,44
81.109.202.169,2,80
37.17.214.0,1,40
178.223.27.41,7,610
77.241.122.67,5,200
88.11.63.81,3,120
189.132.196.119,1,40
186.175.70.184,1,60
37.17.188.79,1,40
220.144.118.36,1,44
196.180.49.23,5,220
185.72.27.125,19,760
200.99.238.34,1,40
196.201.144.94,1,32
1.63.241.159,1,48
218.101.177.53,9,360
197.50.37.171,1,40
69.37.212.10,1,60
118.112.106.241,1,44
114.42.26.220,1,48
54.206.143.253,2,146
202.219.233.153,5,426
213.203.13.184,4,6000
49.124.156.158,1,40
82.143.19.223,1,40
79.100.115.181,1,40
84.24.172.228,1,44
121.209.168.40,1,40
178.175.106.202,1,52
115.18.87.183,1,40
162.1.253.41,23,13248
43.192.85.199,1,44
82.109.69.253,1,52
172.249.25.137,25,9869
193.216.222.161,13,520
52.122.71.74,1,161
38.186.226.139,11,1124
41.169.238.39,1,40
1.197.93.193,1,60
182.98.44.141,1,52
180.161.8.227,1,40
195.14.23.171,5,420
211.182.17.138,2,80
27.164.43.150,1,44
34.247.222.72,2,80
197.40.193.240,1,40
223.100.0.240,1,60
217.180.103.22,67,100155
34.228.250.69,3,425
117.229.234.165,1,76
187.165.15.85,1,32
112.185.166.196,1,40
177.253.185.5,1,40
178.103.27.153,4,160
179.220.17.106,1,40
221.92.201.166,1,80
66.247.94.110,4,176
27.217.8.161,1,52
179.91.133.27,1,40
219.125.141.43,1,48
134.249.233.108,1,44
205.58.75.67,2,385
62.154.92.73,3,252
185.96.173.37,5,618
205.58.72.154,1,151
172.249.28.67,14,4064
104.214.34.227,1,60
27.241.95.200,1,52
210.152.109.221,1,164
112.10.163.216,1,52
46.109.224.157,1,44
71.230.250.185,1,40
41.161.175.167,1,40
77.212.175.129,1,32
83.190.200.254,1,40
164.165.38.202,1,44
216.113.157.69,4,219
51.225.175.43,2,647
111.248.205.149,1,60
182.63.22.179,2,80
71.230.250.249,2,80
117.228.179.90,1,52
31.113.147.114,470,644094
191.74.135.27,1,40
168.35.56.216,1,44
180.123.177.137,1,58
185.184.82.194,10,400
195.208.253.162,20,800
220.163.19.184,1,40
192.220.45.81,1,787
84.246.192.158,3,252
222.77.63.161,2,100
111.161.61.57,1,145
113.156.136.41,1,40
188.167.71.151,2,100
162.6.44.30,1,40
17.199.26.145,6,312
176.118.115.203,1,52
200.17.210.125,1,44
175.175.119.69,1,60
88.115.139.57,1,40
196.180.49.6,10,440
104.75.146.41,4,239
71.230.250.125,1,40
172.102.206.108,4,160
1.87.190.227,1,52
137.60.11.7,1,56
123.107.206.113,2,264
197.61.236.244,1,40
185.72.26.0,9,360
128.121.219.254,11,4760
202.183.185.58,1,40
59.61.73.177,1,48
185.12.25.165,8,320
149.0.175.23,1,40
101.61.78.171,1,52
114.157.178.125,1,40
27.45.233.104,1,76
189.140.133.210,1,40
31.178.241.171,1,48
81.109.202.70,1,40
197.53.233.73,1,44
114.172.123.20,1,40
194.108.114.150,2,1129
159.153.180.3,8,320
191.48.188.82,1,40
36.22.228.164,1,52
101.225.57.129,1,76
27.61.60.248,1,60
222.186.21.52,16,1936
106.95.178.137,1,58
123.107.207.161,1,132
218.221.170.112,4,160
14.17.40.188,1,64
182.79.143.154,1,44
119.195.86.201,1,48
182.48.100.194,2,100
71.230.250.112,2,80
101.47.207.11,1,60
64.22.164.130,3,218
23.242.254.220,4,2225
195.136.109.67,1,40
159.137.197.133,5,200
77.22.205.254,1,40
192.227.98.131,5,380
217.162.213.167,4,1464
162.104.243.175,1,60
52.252.34.215,1,76
58.48.54.81,1,48
181.214.128.194,1,40
182.196.173.9,1,40
91.217.241.48,1,48
13.31.239.147,1,76
123.49.203.18,1,60
92.14.27.162,1,40
133.200.138.251,17,2968
121.176.19.190,1,40
66.224.45.150,2,138
156.62.177.44,1,40
109.237.171.157,4,605
96.78.110.235,3,120
103.29.181.121,1,40
74.193.190.140,13,1049
181.205.188.130,1,40
124.141.87.45,4,1722
195.182.211.248,1,40
139.170.78.91,1,40
156.33.91.60,1,40
98.152.127.169,1,40
218.136.181.0,1,40
218.196.142.150,2,80
71.230.250.214,1,40
112.174.218.214,1,60
196.180.49.37,7,308
80.4.46.245,1,44
41.38.204.5,1,40
179.123.30.3,1,44
37.17.204.67,1,40
189.182.144.54,1,52
13.31.134.193,1,76
165.116.11.50,22,880
118.201.131.56,1,48
64.22.164.96,1,60
103.196.66.170,2,622
122.190.1.51,1,60
111.246.204.39,1,48
123.162.189.136,1,40
203.191.215.151,1,40
94.200.93.41,1,60
200.157.74.246,1,40
125.249.31.86,1,60
162.1.252.121,15,8640
114.192.35.6,1,52
83.206.119.10,1,40
185.231.79.54,7,420
5.64.104.140,2,80
23.212.128.200,1,40
201.108.170.137,1,44
42.243.90.104,1,48
195.204.66.37,1,52
139.68.202.55,8,320
175.175.117.147,1,76
185.61.249.36,2,80
183.119.32.53,1,76
114.197.86.167,1,40
159.141.14.195,4,277
59.11.122.196,1,40
222.174.102.62,1,76
195.190.249.76,1,40
185.126.164.187,8,366
5.64.104.145,1,40
213.156.199.254,1,60
185.88.80.117,1,101
124.167.50.170,9,702
36.31.4.83,1,52
37.17.24.239,1,40
190.39.8.30,2,88
71.230.199.104,11,518
106.57.242.153,1,48
113.16.133.52,1,40
209.238.124.173,8,352
54.35.224.235,1,301
13.161.239.36,10,12827
202.207.175.5,11,802
54.218.170.45,6,324
172.249.162.137,3,2808
210.152.188.75,1,160
112.201.53.121,1,40
41.160.80.225,1,40
52.14.140.242,1,76
42.106.140.228,1,76
196.155.156.25,5,200
108.73.130.76,8,1504
41.165.22.38,1,40
17.192.163.159,8,1185
200.223.156.231,1,60
145.53.105.246,5,420
71.230.250.114,1,40
173.249.6.63,1,60
193.53.81.92,3,204
58.222.84.73,2,80
124.167.51.65,2,88
104.243.172.203,1,52
5.140.255.197,1,40
43.201.86.132,1,93
106.41.34.110,1,40
106.94.231.21,1,51
110.236.32.26,1,52
82.33.106.191,2,88
193.63.201.233,1,44
185.72.26.13,10,400
103.29.28.229,1,40
75.157.178.192,1,40
217.147.4.225,9,756
13.218.57.203,3,264
80.143.70.7,1,40
23.66.1.101,54,77398
61.202.16.236,2,80
185.72.27.89,11,440
31.163.174.25,1,40
192.191.228.100,1,60
87.160.243.213,1,40
195.87.190.147,5,420
52.120.96.48,1,84
139.241.187.147,1,48
192.212.98.238,3,2283
49.125.111.104,1,40
61.109.123.108,1,190
219.113.122.24,4,1118
60.66.82.105,1,52
46.185.57.168,1,40
175.60.98.61,2,80
52.104.133.146,3,1441
192.242.229.93,2,80
179.91.138.95,1,40
221.26.39.58,1,58
203.19.247.172,5,7457
106.94.231.19,1,51
5.64.104.128,3,120
61.207.145.220,1,51
47.127.52.91,1,40
54.181.215.214,12,876
134.214.250.21,2,80
177.148.19.20,1,52
165.229.136.81,7,280
185.48.172.193,36,1440
94.202.120.95,1,40
195.219.120.137,2,80
39.10.9.147,1,76
185.12.25.186,1,65
107.178.203.15,1,52
151.150.77.5,13,2401
176.62.23.109,1,48
69.92.214.101,2,138
221.16.3.78,1,60
195.198.120.238,4,240
119.229.75.236,1,124
165.116.241.89,1,440
94.198.113.18,1,40
3.239.161.227,5,355
115.65.255.142,1,44
217.120.232.244,1,40
71.92.115.88,5,420
178.185.104.75,19,836
154.128.208.84,1,40
185.72.27.106,53,2120
13.161.234.131,1,52
160.237.86.166,1,40
111.73.94.231,1,40
103.39.188.201,1,40
24.217.101.154,1,40
103.153.79.85,1,40
157.134.45.142,2,412
61.207.145.223,1,51
47.127.183.192,3,132
179.231.102.247,1,44
110.53.108.248,2,80
60.67.119.137,1,52
113.172.162.90,1,52
180.108.1.183,1,132
104.109.231.73,1,52
64.65.244.209,1,40
31.197.220.209,1,40
18.182.103.136,2,104
42.56.194.221,1,76
34.218.201.121,1,114
52.30.141.101,2,80
120.172.10.200,1,52
36.25.62.226,1,48
190.160.107.206,1,40
103.101.138.132,1,52
14.157.45.88,1,76
185.72.27.61,18,720
23.82.34.88,2,104
121.96.79.102,1,52
72.243.38.148,2,191
178.223.110.128,1,40
111.183.149.148,3,120
60.26.97.232,1,60
188.11.198.155,1,40
90.113.149.169,1,40
89.187.245.59,1,40
106.117.226.78,1,76
77.81.223.98,1,40
178.223.252.36,1,40
71.230.250.220,1,40
197.61.90.72,1,40
47.244.7.131,4,336
142.161.233.47,6,266
164.48.28.80,2,88
114.166.149.213,1,52
69.133.225.232,8,416
46.118.202.179,1,60
126.196.187.201,1,40
181.204.162.172,2,96
60.137.220.7,18,4976
71.230.146.117,4,176
172.103.243.63,3,623
124.234.219.241,1,76
172.249.30.177,30,3759
108.166.89.248,1,40
47.121.124.172,4,336
167.139.227.190,2,120
113.10.25.84,1,60
41.191.40.213,1,40
45.174.239.98,1,44
188.11.134.103,1,40
116.197.128.37,1,40
191.221.35.41,1,60
83.136.109.1,1,40
118.199.77.148,1,52
58.139.70.135,1,40
103.57.164.61,1,44
216.68.133.159,17,4439
219.122.51.214,1,60
158.49.55.46,1,232
173.200.201.174,4,403
103.30.71.255,1,52
23.85.12.6,28,17046
139.173.136.244,3,120
117.117.95.121,1252,1869229
185.72.26.36,8,320
125.170.9.192,1,132
17.199.26.149,2,1342
106.23.51.114,1,48
42.236.112.222,2,80
192.207.134.161,1,708
165.116.248.159,3,120
41.242.12.6,2,80
86.197.124.45,1,40
5.141.118.102,1,40
83.136.97.178,1,40
156.42.20.97,1,40
202.0.31.123,2,1471
62.174.135.5,2,80
159.137.143.195,5,200
196.192.212.182,1,32
86.152.126.120,1,48
124.63.27.14,1,52
41.172.167.254,1,40
106.62.221.15,1,48
51.225.34.44,4,160
35.68.170.74,18,3502
87.226.149.179,1,44
216.52.199.53,1,58
42.48.148.134,1,48
212.211.123.0,4,336
64.142.114.110,1,40
54.48.40.243,1,76
52.255.236.240,1,76
185.49.252.227,11,440
113.155.175.183,1,60
113.175.113.53,1,52
13.22.76.33,4,407
114.244.118.233,1,44
96.92.39.178,1,40
39.4.206.183,1,40
95.137.124.145,8,799
66.46.247.106,1,40
83.186.86.236,1,32
205.58.72.38,4,1253
46.227.12.143,1,52
125.241.65.240,1,60
162.12.12.19,3,120
140.144.214.121,2,80
100.232.24.208,1,40
5.64.104.136,3,120
71.230.250.36,1,40
47.121.80.188,4,336
171.189.213.91,1,52
163.74.35.91,1,52
157.42.16.141,5,200
88.11.63.86,1,40
190.148.56.0,2,104
71.230.251.251,7,280
222.168.150.76,1,40
221.40.216.88,2,80
60.86.219.170,1,60
43.192.163.182,1,40
197.49.52.48,1,40
216.144.119.83,1,40
36.160.229.230,1,40
13.161.239.86,1,52
185.12.25.229,3,180
218.158.44.130,1,52
78.111.38.196,1,57
35.84.255.17,1,52
1.253.22.35,1,48
74.193.127.249,348,504604
71.230.250.56,2,80
31.113.147.118,8,1407
173.221.209.6,361,492440
91.198.252.122,1,40
91.32.19.231,1,40
5.88.110.243,1,44
183.232.249.226,2,96
186.159.10.231,1,40
173.241.199.135,1,102
202.143.125.160,1,40
138.221.243.247,8,320
42.91.169.14,1,76
78.68.1.92,1,44
159.137.136.71,6,240
5.66.86.51,1,44
208.112.127.69,1,269
37.17.174.20,1,40
23.64.129.145,681,1018636
3.40.21.59,1,76
36.28.213.252,2,104
62.105.54.230,1,60
218.82.21.115,1,40
13.161.234.197,1,52
13.161.237.46,177,259803
172.103.184.236,1,40
104.15.195.68,3,382
188.201.45.24,1,127
23.86.31.213,1,52
171.214.65.56,1,48
175.126.188.57,1,40
27.250.7.180,1,60
61.112.177.130,1,60
112.250.43.47,1,48
64.65.244.174,1,40
111.197.79.196,1,40
68.74.170.64,3,120
185.184.83.21,13,520
191.243.88.26,1,44
182.115.16.96,1,52
79.100.84.255,1,40
162.98.86.254,3,214
223.158.210.102,3,252
125.33.96.26,1,44
203.136.255.237,1,44
176.101.77.72,2,100
185.182.103.146,1,730
84.54.237.197,1,60
14.72.142.91,1,58
111.217.135.154,1,48
157.42.75.32,2,120
58.58.169.247,1,146
172.249.30.10,1,115
41.8.196.97,1,40
126.237.86.67,7,1342
49.107.139.99,1,52
192.240.67.4,1,40
104.3.251.198,6,240
74.193.127.245,1,52
23.77.80.101,4,208
178.103.29.87,7,280
13.161.234.29,1,52
139.173.143.250,1,40
61.47.136.246,1,40
71.230.250.51,1,40
17.199.26.150,4,2774
31.205.18.182,1,60
104.11.209.35,31,10974
213.219.72.234,2,96
196.180.49.22,7,308
54.58.229.99,1,40
27.213.95.72,1,132
176.5.109.63,3,132
119.207.157.8,1,76
62.28.143.73,1,44
134.214.46.204,4,160
185.72.26.39,11,440
196.180.49.3,5,220
184.14.91.185,1,112
54.191.51.50,2,104
123.107.206.87,2,264
154.168.165.230,1,40
192.50.181.199,2,307
110.220.192.38,1,40
74.193.187.98,3,156
88.11.63.90,2,80
71.230.251.249,6,1320
27.241.70.125,1,52
94.236.202.194,2,168
203.166.184.152,1,1260
122.235.234.214,1,76
183.97.50.53,1,40
72.113.93.48,1,71
203.136.241.14,1,44
187.158.192.39,1,40
184.14.91.58,1,296
196.180.49.17,6,264
54.245.9.125,1,84
5.64.104.142,1,40
18.178.178.234,1,76
196.180.49.35,3,375
221.17.86.160,1,40
113.201.215.68,1,64
123.246.64.72,1,60
88.11.63.87,2,80
124.164.128.50,1,60
74.193.23.172,10,580
71.230.250.119,1,40
218.145.9.16,1,60
192.108.225.208,1,40
72.25.64.86,1,52
5.64.104.146,2,80
151.26.209.49,1,40
17.193.180.251,1,76
13.161.234.130,4,362
126.48.52.195,4,292
74.193.12.77,1,40
183.234.51.222,1,60
59.59.197.211,1,40
103.242.247.164,1,40
126.139.186.16,2,112
185.72.27.94,23,920
13.17.55.186,2,264
116.28.70.99,2,104
58.237.203.239,1,40
176.95.97.130,1,40
172.103.189.171,1,40
113.10.4.160,1,48
104.243.172.150,1,52
189.219.16.81,1,40
123.173.204.155,1,76
74.193.223.129,151,205258
202.163.133.114,2,96
61.91.209.2,1,40
71.230.250.85,1,40
185.49.252.234,25,1000
217.64.230.29,1,60
119.236.17.171,1,40
156.28.12.162,3,120
205.58.77.113,1,296
222.105.144.62,1,40
205.58.79.108,1,243
182.119.216.99,1,40
118.207.190.41,1,52
23.94.229.169,6,1140
59.66.159.122,1,52
183.225.160.34,1,40
221.7.84.98,1,76
76.254.183.29,1,48
77.73.87.182,5,572
82.62.248.72,1,40
153.26.51.238,2,80
68.74.223.154,2,80
27.177.72.158,1,40
106.96.90.9,2,80
142.161.168.60,1,40
221.118.15.215,2,96
58.26.210.21,1,52
118.251.106.19,1,76
134.214.180.169,4,160
64.65.244.221,1,40
81.215.207.46,1,40
170.16.108.9,1,40
108.35.32.62,1,40
64.65.244.70,3,120
123.24.48.11,1,52
194.150.238.57,1,40
216.68.133.195,7,2153
193.67.232.59,3,339
185.160.148.229,1,40
91.20.65.116,1,44
45.127.97.158,1,76
213.14.188.134,1,40
23.94.228.183,775,1128896
192.49.194.34,5,200
112.36.155.128,1,48
1.54.39.108,1,76
221.46.184.86,1,52
74.193.23.173,2,137
79.100.23.68,1,40
149.184.130.119,1,40
222.166.153.1,3,120
23.64.129.47,1,95
148.52.247.49,1,60
84.32.48.113,2,80
221.27.103.82,1,52
101.77.221.16,1,40
59.46.23.7,1,40
88.11.63.78,2,80
116.192.209.245,1,60
91.39.55.206,16,14451
183.199.245.212,1,60
203.136.251.100,1,44
5.64.104.157,3,120
116.149.201.33,1,92
145.255.249.84,3,231
118.249.251.179,1,76
118.230.235.17,1,60
185.72.26.18,10,400
194.197.122.74,1,132
104.87.98.76,1,52
118.85.220.102,1,52
36.21.183.81,1,40
103.62.69.33,1,40
183.173.212.11,1,48
52.77.211.241,2,146
95.129.183.180,4,248
1.69.144.238,1,40
196.32.45.33,1,40
126.218.41.143,16,2303
68.74.23.184,9,360
171.164.13.112,1,52
123.181.39.41,1,40
152.62.55.53,1,32
190.42.216.89,1,40
17.199.26.200,1,129
92.255.122.193,1,83
125.240.217.88,1,52
70.25.66.255,1,32
46.125.163.253,1,40
201.212.36.70,1,40
115.112.231.65,1,40
12.59.97.166,2,80
34.238.130.223,1,72
191.109.99.62,1,40
60.141.84.79,1,52
49.198.32.135,1,48
217.83.13.62,2,100
62.172.10.121,1,44
203.187.235.10,1,52
41.173.30.131,1,40
18.178.237.72,1,76
81.164.209.197,1,44
59.43.20.236,1,40
196.180.49.21,7,308
201.195.73.45,1,40
201.190.115.230,1,56
103.49.101.100,1,143
66.247.69.62,4,176
61.93.8.137,2,138
71.230.250.205,1,40
123.145.178.254,1,60
110.135.196.150,1,40
202.45.145.155,1,60
60.244.78.152,1,76
103.108.158.231,1,40
94.177.197.173,1,52
218.12.159.125,1,40
1.76.19.153,1,76
141.149.144.233,2,773
177.110.216.123,1,32
116.173.52.74,1,52
121.242.105.45,1,93
64.65.244.201,1,40
74.193.243.98,4,3587
1.67.37.43,1,76
66.249.182.70,4,820
164.48.28.72,2,88
23.92.235.34,9,7671
115.205.91.75,1,52
13.204.9.79,1,76
213.227.9.109,2,80
109.202.128.120,1,40
191.110.44.243,1,40
202.151.18.112,1,40
69.34.59.250,1,48
36.175.244.222,1,40
187.85.208.210,1,44
54.134.132.13,2,168
206.9.11.196,1,40
100.251.189.139,1,72
165.229.131.38,2,80
195.128.172.121,1,40
159.52.33.95,2,80
192.240.69.121,1,40
95.249.45.250,1,44
110.57.20.20,1,60
84.181.166.114,2,80
113.161.36.98,1,40
31.216.238.124,1,52
46.80.160.94,2,120
183.181.72.64,1,52
115.40.156.222,1,40
175.171.85.34,5,200
177.65.13.24,1,40
13.207.129.211,1,76
192.30.111.127,1,83
1.197.13.97,1,58
113.179.168.37,1,44
61.47.176.208,1,40
117.27.230.216,1,44
85.21.214.47,1,40
178.93.95.216,1,60
110.91.164.109,1,76
113.210.236.53,1,52
95.151.59.36,1,40
145.144.219.225,1,44
115.64.249.114,1,44
190.170.31.186,2,80
71.230.183.142,6,264
69.154.196.206,1,40
123.173.221.23,1,76
222.90.51.209,1,40
111.121.223.165,1,48
190.115.147.224,1,60
134.214.180.168,6,240
94.69.95.118,1,44
120.133.80.213,2,120
122.59.213.196,1,44
217.15.113.10,2,100
202.201.83.31,10,5826
192.240.106.29,1,62
67.165.131.220,1,44
37.17.192.163,1,40
71.230.143.41,1,40
89.199.72.64,4,176
194.194.228.18,1,40
213.60.183.251,1,40
52.6.54.107,3,228
171.163.21.59,1,60
92.194.182.247,1,44
64.65.244.246,1,40
123.161.243.218,1,76
211.59.119.156,1,48
71.230.143.47,1,40
192.229.155.225,1,639
42.233.122.78,1,60
222.80.235.163,2,80
188.10.179.82,1,40
121.106.179.96,1,48
27.243.78.13,1,58
221.222.51.35,1,78
43.223.187.14,1,52
113.104.99.16,1,60
125.162.178.193,1,52
118.135.132.178,1,52
117.46.69.202,1,40
213.106.81.0,1,40
46.173.163.100,1,52
42.55.50.20,1,60
105.218.129.81,1,40
90.112.171.103,1,40
182.99.23.150,3,120
41.23.55.36,1,40
39.247.10.192,2,120
1.54.157.239,1,48
54.250.54.123,1,76
27.219.152.155,1,60
60.27.87.252,1,76
172.103.173.194,1,40
80.212.114.216,10,440
125.226.91.80,1,48
125.142.244.240,1,76
123.23.160.38,1,52
201.153.75.174,1,40
42.231.12.86,1,40
191.246.111.34,1,32
59.62.78.41,1,60
165.229.131.95,2,80
96.22.151.14,1,110
5.167.184.170,1,44
62.41.185.98,1,48
79.186.123.20,1,44
103.45.57.198,2,80
187.147.64.254,1,40
13.161.234.216,1,52
155.125.128.148,1,40
112.153.167.5,1,52
91.9.150.252,4,4930
106.117.235.178,1,76
139.173.130.80,2,80
60.56.110.235,1,52
71.230.250.152,1,40
2.186.119.74,1,40
182.189.188.212,1,40
89.214.30.234,1,40
189.93.222.190,1,44
177.212.143.77,1,40
37.106.67.165,1,40
47.95.38.198,1,52
138.221.254.166,2,80
223.101.5.164,1,60
123.141.8.218,1,76
71.230.251.253,4,160
181.61.206.73,1,32
31.113.147.67,1,230
173.221.209.234,3,156
205.58.73.141,1,310
72.243.39.225,1,134
61.26.0.127,1,96
27.50.43.243,1,48
23.66.54.63,1,90
113.117.240.173,1,60
139.180.251.105,1,76
75.122.5.141,1,40
200.59.145.234,1,52
74.193.127.159,463,627967
104.77.248.229,1,94
104.243.199.186,1,102
197.49.19.176,1,40
172.249.162.58,8,1139
71.230.250.231,1,40
123.195.241.71,1,40
222.81.58.131,1,52
113.189.102.247,1,52
36.29.174.171,1,52
180.153.45.157,1,40
85.226.98.164,1,48
78.77.139.118,1,44
192.227.98.130,2,128
17.203.229.224,3,200
175.125.88.80,1,52
141.33.28.188,1,40
54.240.188.146,1,40
181.88.208.23,1,32
200.139.253.104,1,52
162.6.206.109,1,44
191.243.105.10,1,44
221.222.51.85,1,73
64.22.164.131,1,52
27.56.39.217,1,76
13.161.234.152,1,52
91.219.180.4,1,52
202.65.245.113,1,729
5.123.25.213,1,60
176.59.162.203,2,80
18.178.196.5,1,76
97.5.169.248,1,158
111.193.72.109,1,52
7.179.212.182,1,60
125.247.110.107,1,52
72.113.93.55,1,71
107.164.145.15,1,40
128.26.245.29,1,44
156.58.79.18,1,40
90.110.173.4,1,52
71.230.250.109,1,40
18.178.164.154,1,76
113.124.81.99,1,40
195.45.71.139,1,96
220.139.228.97,3,690
110.50.10.49,1,52
138.42.231.228,1,44
203.19.247.105,1,52
5.181.119.188,1,52
117.39.76.93,1,40
95.117.216.9,1,44
198.15.169.6,2,113
193.67.232.58,1,174
203.3.6.26,2,80
52.251.18.89,3,1167
45.126.213.215,1,76
155.153.42.188,1,64
124.159.6.221,1,48
95.161.196.195,1,151
211.79.255.6,1,60
158.237.9.86,1,44
88.11.63.71,3,120
38.122.75.73,1,60
36.234.244.132,1,48
192.203.173.33,2,1586
13.31.247.23,1,76
180.117.101.75,1,40
171.167.237.76,1,60
178.86.118.39,1,40
218.128.12.164,3,172
129.240.90.62,1,40
211.46.192.84,1,40
197.149.108.34,1,32
197.50.9.165,1,40
60.146.82.146,1,60
62.55.203.191,2,158
164.48.28.76,2,58
182.243.241.61,2,1221
111.207.237.50,1,52
182.89.137.221,9,3622
216.52.194.33,2,98
122.53.85.219,1,44
154.118.90.36,1,32
5.64.104.156,3,120
37.140.16.33,1,40
166.156.4.199,1,32
93.151.223.138,1,60
89.252.152.226,4,316
94.195.118.83,1,40
183.207.201.73,1,52
103.204.93.13,3,120
223.50.157.148,1,48
168.30.103.61,1,40
185.88.172.120,1,52
83.20.203.180,1,40
74.215.54.91,1,44
64.65.144.145,1,40
99.186.66.205,1,60
210.152.168.120,1,92
52.106.131.172,1,52
79.152.7.88,1,40
115.201.93.78,1,60
52.249.39.8,1,76
81.213.81.198,1,44
220.165.214.234,1,40
54.54.107.156,2,111
218.131.126.50,1,52
54.38.81.178,1,71
42.227.94.64,1,60
79.100.0.230,1,40
47.82.213.202,3,120
13.185.213.173,1,84
208.112.126.2,1,586
3.238.160.60,1,811
45.32.49.101,2,80
112.54.13.10,1,58
60.150.55.47,2,140
175.216.80.158,3,120
204.139.178.125,1,408
83.184.61.196,1,32
46.114.232.100,1,40
218.158.6.6,1,52
41.163.165.80,1,40
71.230.250.95,1,40
113.241.132.127,1,52
190.186.162.173,1,40
130.53.194.102,1,83
13.4.76.95,1,83
81.187.228.136,1,28
202.46.32.241,1,52
172.249.162.192,1,52
114.232.145.201,1,76
47.80.132.48,1,60
42.225.254.70,1,60
159.252.229.176,1,52
210.111.133.94,3,120
128.214.142.176,1,44
71.230.250.84,1,40
92.194.227.96,1,40
213.234.55.151,1,76
80.227.227.227,1,40
58.51.94.88,1,76
178.223.105.187,1,40
89.21.155.90,1,44
62.148.209.148,2,128
91.5.179.161,2,158
157.70.83.197,1,40
106.96.13.83,1,40
83.255.4.99,1,40
39.8.43.28,1,48
61.47.206.55,1,48
94.48.23.53,1,48
177.65.143.230,1,40
200.97.196.190,1,40
69.186.138.228,1,44
125.255.80.100,1,52
61.144.199.164,1,40
94.179.147.143,1,60
37.245.162.200,1,40
172.249.25.131,9,577
188.164.193.170,1,60
186.126.78.123,1,32
172.249.162.130,1,52
154.142.192.49,1,40
172.249.29.78,1,111
87.99.213.5,4,324
117.38.198.69,3,120
52.113.106.153,1,52
119.56.56.72,1,132
111.163.131.6,2,100
182.48.193.207,1,60
86.218.244.252,1,52
123.203.109.171,1,52
201.152.80.229,1,40
119.190.165.140,3,231
47.29.109.202,1,52
1.76.19.186,1,60
54.33.126.181,1,76
182.177.18.124,1,40
182.243.227.99,2,149
173.221.73.16,2,120
106.69.119.46,1,60
34.208.248.133,1,40
122.53.237.198,1,52
118.193.146.228,1,40
146.24.69.162,8,651
37.214.67.172,1,40
13.161.236.138,11,5658
103.13.11.55,1,52
54.33.233.169,1,76
27.220.253.89,1,122
126.158.164.213,2,96
5.99.117.99,1,40
196.67.252.226,1,40
46.42.110.143,4,160
101.125.120.6,1,76
125.162.215.72,1,76
112.191.211.122,1,60
94.198.26.250,1,40
219.228.144.165,1,76
60.134.111.27,1,76
111.65.145.90,1,48
122.189.155.1,1,48
123.29.0.105,1,40
101.120.20.22,1,76
187.198.140.42,1,44
58.222.144.92,1,76
17.199.26.177,1,564
125.33.163.202,1,44
151.150.78.118,3,392
156.61.246.184,1,40
219.113.225.149,1,48
71.230.250.66,1,40
213.88.40.105,1,40
193.181.162.66,1,40
52.252.229.176,3,554
104.7.254.199,2,131
50.157.185.106,2,80
17.192.251.103,1,366
211.38.215.95,9,360
3.200.29.166,1,76
47.137.74.142,1,40
151.26.102.236,1,40
126.139.160.196,1,76
74.193.127.200,2,104
52.121.252.209,1,91
121.84.121.111,1,52
221.143.145.31,1,128
183.205.217.40,1,52
107.162.249.251,1,40
47.124.130.188,1,60
138.128.78.250,1,40
116.244.142.128,1,48
113.8.29.112,1,60
124.235.214.78,1,40
2.207.67.247,1,60
47.82.102.71,1,60
197.59.213.8,1,40
60.58.219.236,1,40
52.249.39.94,1,76
218.175.192.98,1,60
189.128.252.177,1,40
79.180.81.197,1,44
183.243.16.210,1,48
122.61.236.169,1,44
116.47.135.65,1,48
192.148.95.173,1,60
108.73.145.147,2,104
83.249.44.65,1,40
37.17.173.182,1,40
151.180.144.140,1,44
27.242.162.61,2,80
222.179.251.121,1,52
17.150.35.123,1,83
113.199.242.237,1,48
54.214.41.41,2,348
176.30.103.93,1,60
216.253.145.72,1,56
185.72.27.49,5,200
190.194.161.215,1,60
91.3.106.203,1,40
172.103.170.64,1,40
41.39.167.117,1,40
5.141.14.199,1,40
71.230.250.8,1,40
139.173.135.205,2,80
218.130.230.73,8,320
95.119.209.44,1,84
101.183.98.223,1,52
182.24.127.214,1,44
38.122.173.57,2,80
49.192.177.77,1,76
202.89.153.132,1,60
205.58.75.191,1,344
83.206.126.226,1,40
45.40.177.19,1,40
151.150.185.151,1,52
110.157.35.89,1,52
139.173.72.83,2,80
205.58.74.101,5,1228
71.230.250.184,1,40
159.137.149.121,6,240
151.231.22.87,1,44
94.52.244.87,1,40
59.62.58.129,1,40
52.250.147.237,1,40
116.132.119.129,1,52
156.47.47.78,1,40
122.158.13.132,1,76
187.183.87.133,1,40
118.33.25.148,2,88
5.64.104.147,1,40
159.52.175.60,3,120
52.15.239.237,2,160
60.18.73.201,1,52
171.225.90.228,1,132
84.54.243.225,1,60
110.60.46.63,1,76
125.33.150.10,1,44
41.191.43.24,1,40
115.45.19.38,1,132
119.122.8.3,1,52
116.179.248.154,1,58
68.74.208.252,5,200
38.245.175.121,1,52
190.40.105.220,2,80
117.78.123.237,1,60
64.65.244.198,1,40
139.173.176.239,2,80
43.204.233.221,1,52
205.86.103.39,1,79
116.26.26.9,1,58
88.52.120.110,1,40
27.243.140.102,1,60
223.50.78.41,1,40
180.78.149.195,1,40
52.14.37.19,7,4776
79.168.48.123,1,40
222.112.56.7,1,48
34.205.141.225,2,446
13.161.234.242,1,52
88.11.63.76,3,120
109.202.162.158,1,40
177.162.202.125,1,40
46.42.155.233,5,810
119.53.59.57,1,40
71.230.250.233,1,40
192.197.115.158,1,741
190.98.138.42,1,40
18.182.246.202,1,76
218.78.119.222,1,48
189.93.219.105,1,44
91.38.79.212,1,60
173.221.209.10,355,504903
188.7.37.75,1,40
41.34.130.62,1,52
171.157.27.84,1,48
185.126.164.186,8,405
75.103.173.30,1,40
123.202.163.47,1,40
79.100.30.206,1,40
176.107.103.174,1,40
176.250.27.143,1,44
71.230.250.212,1,40
113.28.154.216,1,40
172.249.162.206,1,173
49.207.174.55,1,48
80.20.160.21,1,40
79.117.123.31,1,44
49.144.61.123,1,132
60.149.220.79,1,76
188.175.252.103,2,102
27.61.173.3,1,40
60.148.237.209,1,48
27.239.97.255,1,40
83.239.116.57,1,40
190.118.79.96,1,40
185.44.201.165,2,98
71.230.250.26,1,40
172.249.162.145,2,646
203.136.255.156,1,44
71.230.250.124,1,40
61.131.18.26,3,120
14.253.19.231,1,48
115.91.145.0,1,40
185.21.93.223,1,40
180.132.175.108,1,40
42.61.27.54,1,40
1.86.252.229,1,45
31.113.147.119,2,118
190.180.91.32,1,40
42.229.213.182,1,52
54.49.239.69,1,76
88.11.63.69,1,40
81.232.57.128,1,40
123.25.177.60,1,52
145.71.0.71,1,84
182.107.165.152,1,52
182.89.137.202,4,3370
119.219.79.198,1,60
141.23.48.170,1,60
121.216.15.115,1,40
71.230.250.143,1,40
111.206.21.255,1,60
180.145.80.123,1,40
221.40.216.11,2,80
71.230.250.224,1,40
81.173.215.121,2,80
107.184.145.189,1,60
213.141.101.213,1,40
172.249.30.49,40,26705
221.103.224.249,1,60
70.127.67.22,1,40
151.176.227.48,1,44
104.248.95.58,1,52
88.105.83.51,1,40
125.191.77.103,1,40
113.23.225.200,1,48
221.33.109.22,1,52
103.105.1.228,1,40
172.103.188.250,4,160
5.64.104.141,1,40
71.230.250.118,1,40
88.127.124.8,2,100
178.49.2.30,1,40
38.186.226.158,4,410
143.7.81.133,3,144
46.191.251.31,1,40
111.93.242.156,1,44
87.59.226.137,1,40
104.210.8.164,6,264
182.216.52.189,1,60
104.87.107.71,1,52
37.78.164.185,2,80
117.79.94.62,7,5916
50.141.149.233,1,83
84.30.32.116,1,40
134.160.4.133,1,40
31.163.179.69,2,80
178.177.132.114,1,40
52.16.163.153,1,52
71.230.250.178,1,40
85.110.111.108,1,52
190.249.61.64,1,40
185.183.228.161,1,48
71.230.250.218,1,40
187.9.214.98,1,44
125.218.214.190,1,60
42.224.93.207,1,48
58.72.215.247,2,80
196.180.49.73,5,460
82.192.158.194,1,48
212.207.44.189,1,40
126.12.139.116,21,3337
140.238.248.85,1,48
113.161.75.117,1,52
88.11.63.83,2,80
49.144.61.151,1,60
49.144.60.67,1,132
2.75.18.82,1,40
17.203.227.94,1,366
83.163.146.35,2,80
120.221.124.57,1,52
222.191.255.216,1,60
71.230.250.228,1,40
71.230.250.159,1,40
70.184.116.2,1,60
87.27.221.1,2,100
58.50.87.188,1,52
17.147.81.25,1,52
164.89.241.56,1,76
112.30.182.152,1,76
177.70.51.22,1,60
92.93.109.132,1,52
104.248.6.17,1,40
119.133.225.176,1,76
182.152.244.22,1,48
116.47.169.207,1,64
79.107.192.20,1,40
156.32.94.254,1,40
221.138.194.62,1,52
156.34.37.55,1,40
179.27.98.148,1,40
62.228.154.180,1,44
173.246.155.221,1,52
34.204.96.214,2,111
210.182.150.26,1,28
1.138.97.223,1,40
123.233.166.195,1,52
182.197.141.135,1,40
1.84.74.46,1,32
115.30.109.180,1,52
155.153.42.189,1,160
59.120.181.210,1,40
78.209.211.75,1,40
176.82.218.29,1,48
98.104.241.242,1,40
35.32.234.149,1,60
58.63.161.113,1,44
18.178.180.238,1,76
115.65.105.243,1,44
112.36.145.0,1,52
62.80.91.157,1,52
59.70.245.132,1,40
179.118.249.42,1,32
98.36.73.231,1,40
104.12.63.17,1,40
1.63.111.6,1,52
190.200.190.10,1,40
47.142.242.124,1,44
47.101.47.249,1,84
39.7.20.188,1,76
146.71.32.180,2,100
221.7.81.25,1,76
171.211.192.143,1,52
181.232.76.10,1,44
52.248.183.208,1,76
116.132.0.178,1,52
216.68.133.145,12,1687
121.169.177.163,1,40
128.120.10.208,1,40
178.223.253.156,1,40
106.82.187.218,1,60
125.35.189.127,1,44
200.165.27.228,1,40
107.15.171.61,1,52
104.242.146.75,1,48
118.30.163.197,1,48
35.28.150.174,1,52
115.21.117.139,1,60
196.180.49.71,4,176
182.89.137.223,4,906
92.133.128.63,1,40
119.159.202.61,1,48
169.47.131.125,2,111
117.42.54.109,2,80
37.106.235.5,1,40
122.224.230.93,1,48
112.250.158.208,1,48
108.73.130.77,3,156
103.23.167.229,1,44
41.24.189.241,1,40
113.54.251.66,1,48
150.249.105.28,1,76
17.192.250.204,2,157
37.17.187.233,1,40
52.246.14.193,1,52
74.193.187.157,1,40
2.243.135.65,2,80
81.215.122.135,1,40
103.232.65.111,1,40
202.228.117.203,20,7167
77.119.31.247,1,40
110.244.93.115,1,40
5.64.104.153,2,80
13.31.76.202,6,438
5.64.104.152,1,40
177.197.170.179,1,44
123.188.248.40,1,60
49.205.56.171,1,52
45.195.215.132,1,156
171.156.44.145,1,52
123.182.132.0,1,60
190.149.195.129,1,40
189.182.57.223,1,60
113.217.24.41,1,52
68.74.225.106,4,160
144.135.1.96,1,52
179.173.199.102,1,32
13.30.210.7,1,76
52.254.147.6,1,76
218.159.108.123,1,52
176.59.188.190,1,40
17.199.46.200,4,1991
69.129.243.230,1,56
90.113.156.233,1,40
222.223.192.58,1,64
118.131.7.67,1,60
116.2.216.163,1,48
88.11.50.22,1,60
70.49.177.91,1,44
36.0.42.36,1,52
61.116.173.162,1,132
115.22.6.96,1,40
77.42.206.85,1,40
106.52.121.68,1,60
188.145.219.216,1,40
5.64.104.149,3,120
88.11.63.74,1,40
199.162.7.101,1,58
60.154.163.240,1,60
175.54.150.34,4,172
113.116.236.203,1,76
123.246.247.232,1,60
27.223.33.161,1,40
14.174.27.251,1,52
114.109.245.161,1,84
92.194.219.194,1,40
71.230.250.16,1,40
187.230.126.27,10,520
177.149.130.6,1,44
36.175.39.5,1,52
54.134.143.169,2,168
191.253.195.252,1,40
122.238.163.51,1,48
128.214.144.57,1,44
162.50.199.18,1,60
185.72.218.212,1,40
27.243.119.217,1,52
88.40.70.35,1,44
13.204.203.54,1,76
110.70.164.10,1,52
60.139.181.117,1,48
101.55.193.168,2,218
125.111.91.145,1,40
187.6.34.29,1,48
208.110.219.91,1,40
47.127.26.249,1,40
23.86.26.82,1,52
172.102.245.167,2,80
178.215.61.94,1,40
52.30.174.234,2,616
95.221.57.81,1,40
37.17.213.221,2,80
175.83.118.114,1,52
41.174.45.237,2,104
95.23.27.210,1,52
125.35.211.158,1,44
71.230.250.252,1,40
183.193.14.243,1,28
202.147.109.150,1,52
92.254.102.198,1,155
118.91.202.85,1,40
119.58.85.75,1,60
37.149.42.58,1,40
90.113.152.197,1,40
103.213.174.219,1,40
88.61.41.2,1,52
125.34.90.33,1,44
95.224.211.253,1,52
122.60.198.132,1,44
188.200.209.26,1,52
66.46.247.31,1,40
181.223.177.100,1,44
1.64.61.61,1,40
113.221.213.189,1,60
177.150.65.119,1,40
88.11.63.75,3,120
182.223.150.124,1,40
124.156.107.241,1,40
14.33.205.76,1,40
119.49.235.94,7,729
173.252.240.121,1,40
114.166.204.199,1,52
115.40.73.230,1,52
123.111.12.19,1,48
188.10.190.202,1,40
5.64.104.159,1,40
189.148.178.122,1,40
5.244.111.2,1,32
3.200.40.105,1,76
178.223.106.90,3,120
58.28.26.218,1,48
171.164.163.149,1,52
60.79.222.58,1,132
182.48.120.122,1,58
13.206.111.236,1,76
60.81.47.104,1,40
36.166.94.8,1,40
178.103.170.195,1,60
78.255.251.93,1,40
63.199.214.54,4,160
111.223.71.71,1,1439
120.203.244.9,1,76
78.229.170.135,2,100
222.235.186.161,1,60
122.59.113.241,1,44
59.20.20.177,1,60
89.214.30.241,1,40
111.180.30.172,1,60
68.74.17.226,1,40
58.206.44.238,1,58
94.101.91.155,2,80
210.156.113.82,1,40
13.31.220.151,1,76
98.134.141.231,1,52
147.27.82.110,1,60
151.26.77.189,1,40
218.128.12.186,2,104
220.160.193.193,1,40
123.234.26.61,1,58
104.248.178.161,7,280
1.53.38.92,1,48
41.39.49.98,1,40
71.230.250.155,1,40
104.12.71.62,1,52
34.209.97.104,2,135
189.169.80.203,1,44
209.130.39.21,2,88
175.175.126.117,1,60
189.149.67.88,2,100
113.30.244.15,1,76
79.91.175.17,1,40
42.225.42.149,1,60
118.135.242.5,1,60
154.231.126.80,1,85
85.238.182.227,1,40
180.79.139.129,1,40
31.171.207.174,2,92
216.68.133.234,13,1904
17.142.207.2,4,215
162.231.234.122,1,52
23.82.35.94,1,68
77.78.172.60,1,40
95.249.45.178,1,44
61.43.132.110,1,40
106.58.5.169,1,60
113.203.11.4,1,76
43.222.56.159,1,40
120.147.37.227,1,60
35.68.169.140,25,18826
188.253.3.117,1,40
173.246.155.143,1,52
5.80.77.49,1,40
141.149.249.0,2,80
212.21.17.233,1,60
111.123.248.206,1,52
116.132.152.127,1,76
119.121.180.18,1,44
139.173.152.137,2,80
120.178.5.30,1,52
125.239.225.123,1,60
166.157.218.180,1,32
111.222.35.85,1,40
17.138.2.89,3,164
123.141.1.18,1,76
27.241.123.0,1,40
112.241.1.112,1,52
92.194.204.93,1,40
66.212.206.248,1,40
85.124.8.88,1,97
188.152.180.132,1,44
82.180.20.152,1,40
183.174.29.212,1,52
123.180.28.212,1,76
5.141.120.216,1,40
41.169.44.234,1,40
222.187.194.246,2,120
159.137.136.36,3,120
118.175.140.221,1,60
156.55.151.252,1,40
41.163.166.247,1,40
118.194.133.201,1,48
123.121.19.119,1,76
203.128.30.210,1,32
179.190.130.141,1,44
82.75.25.130,1,52
71.230.250.92,1,40
100.229.113.143,1,40
71.230.250.190,1,40
222.161.222.85,1,52
104.15.166.87,1,52
172.103.142.5,2,80
193.220.36.206,1,52
36.170.169.0,1,76
220.203.124.25,1,76
118.201.186.153,1,58
122.215.247.33,1,48
104.225.126.174,3,120
84.32.188.212,1,60
18.182.144.5,1,76
202.67.182.179,1,44
151.44.254.246,1,44
71.230.250.113,1,40
71.230.250.254,1,40
54.227.50.61,1,76
167.139.227.191,1,60
202.39.34.119,21,28597
24.221.72.130,2,80
213.158.205.197,1,52
60.144.199.99,1,132
168.68.129.152,1,40
103.45.57.106,1,40
31.168.20.175,1,44
92.194.201.4,1,40
24.206.72.153,1,40
107.188.49.68,1,60
195.214.38.40,1,52
139.173.156.234,1,40
41.100.100.228,2,80
114.41.120.32,1,40
197.50.46.187,1,40
95.137.64.135,2,80
202.45.146.152,1,60
134.160.248.125,1,1439
54.240.172.209,1,40
145.255.241.153,1,52
162.194.80.124,7,3953
17.192.163.95,1,105
13.161.234.213,1,52
200.68.239.174,1,44
139.173.141.211,1,40
71.230.250.63,1,40
183.68.90.247,1,76
83.158.9.33,2,98
202.228.117.199,10,3260
219.111.62.63,1,48
5.141.125.191,1,40
5.87.223.115,1,60
4.99.250.4,1,76
118.255.25.1,2,80
172.202.127.142,1,40
47.244.4.186,2,168
92.92.230.158,1,48
18.232.78.91,2,135
111.168.39.20,2,80
218.170.242.195,1,58
59.18.47.36,1,91
186.73.240.240,1,40
60.74.197.98,1,48
88.11.63.79,2,80
165.116.11.229,1,60
168.31.104.113,1,40
72.113.69.217,13,5926
17.192.251.11,2,157
110.206.2.198,1,40
62.241.233.228,1,58
74.193.112.135,1119,1618042
220.151.120.85,1,40
212.98.54.247,1,40
156.59.114.199,1,40
112.216.144.184,1,40
13.161.234.161,1,52
178.222.39.194,1,40
2.76.183.187,1,60
94.179.10.90,1,52
113.45.158.136,1,52
182.73.234.115,1,52
91.211.174.245,1,44
64.22.174.159,1,60
185.194.105.226,1,40
116.128.204.20,1,60
76.217.79.54,1,52
220.172.81.152,1,48
200.188.167.111,2,120
52.94.234.123,3,1150
74.193.190.125,1,52
157.42.35.77,4,160
23.230.122.131,9,4530
94.109.206.65,3,130
219.218.69.112,1,40
81.215.3.95,1,52
176.101.26.144,1,40
92.194.144.174,1,40
36.206.143.241,1,76
42.48.104.190,6,240
1.221.227.57,1,48
176.59.238.24,1,44
123.115.253.69,1,60
52.100.26.84,3,1150
42.52.113.44,1,76
66.30.96.254,1,40
162.104.243.151,1,60
1.86.159.53,2,180
45.164.70.19,4,176
123.26.185.69,1,52
178.223.242.176,1,40
195.122.47.110,1,40
54.245.253.240,2,1000
41.165.228.57,1,40
14.209.77.175,1,60
103.2.174.129,1,76
212.61.9.63,1,40
17.147.76.13,2,146
106.253.111.13,1,52
65.127.121.89,1,40
58.21.226.201,1,52
193.62.161.72,1,40
188.254.10.141,1,40
134.160.176.105,1,40
190.180.70.127,1,40
102.138.33.171,1,32
116.143.239.20,1,60
74.193.187.159,2,120
49.222.164.19,1,76
151.203.42.138,1,44
109.197.166.73,2,100
189.42.255.150,1,60
31.131.3.165,1,40
151.150.186.246,1,52
115.87.234.44,1,40
27.36.161.159,1,40
18.182.184.144,1,76
184.116.105.51,1,52
60.143.104.255,1,40
117.88.71.144,1,76
125.255.195.199,1,40
113.160.225.52,1,52
180.140.37.109,1,28
41.103.132.157,1,40
165.253.234.125,1,52
198.52.195.193,1,95
92.194.253.233,1,40
13.30.18.137,1,76
60.73.52.24,1,76
77.74.91.87,1,40
156.49.135.31,1,40
122.119.39.124,1,44
218.128.12.141,3,804
211.101.30.230,1,40
87.170.63.165,1,40
123.108.102.204,2,80
182.243.178.203,2,1241
178.222.43.193,1,40
71.230.152.134,3,132
211.189.14.206,1,60
209.204.149.55,1,40
13.207.237.94,1,76
122.61.150.47,1,44
45.126.58.18,1,40
180.75.118.198,2,80
185.50.135.119,1,40
126.49.36.12,13,1282
89.211.69.25,1,40
175.160.37.76,1,48
54.215.145.214,421,628506
122.59.162.29,1,44
101.41.214.83,1,58
74.96.35.50,1,44
64.160.77.49,1,28
49.206.219.85,1,76
203.136.241.11,1,44
13.185.49.16,2,168
60.29.244.207,5,380
89.214.30.142,1,40
37.189.185.109,1,52
54.33.195.202,1,76
172.103.155.75,1,40
122.215.240.201,1,52
119.219.87.168,1,60
113.150.76.8,1,60
114.168.188.240,1,40
112.255.196.86,1,52
172.249.31.74,1,52
111.225.83.78,1,60
5.64.104.155,2,80
23.90.34.107,4,208
13.161.234.249,1,52
162.104.243.239,1,60
93.158.199.94,2,126
206.76.251.86,1,40
186.156.149.63,1,78
101.63.37.65,1,60
80.5.32.56,1,48
178.222.73.75,1,40
139.173.134.100,2,80
50.160.103.151,1,48
104.15.244.12,1,52
203.191.211.219,1,40
156.53.7.70,1,40
188.201.28.208,2,725
17.193.185.206,1,83
74.219.76.78,1,40
37.194.59.227,1,40
78.71.71.77,1,40
134.214.110.165,1,60
216.249.217.206,1,40
219.123.130.52,1,40
132.216.78.71,5,995
61.127.107.118,1,76
222.74.200.220,1,60
119.223.180.81,1,52
122.212.95.255,1,40
27.61.195.234,1,40
71.230.250.79,1,40
220.167.175.86,1,60
31.202.47.153,1,40
90.113.157.73,1,40
60.135.212.170,1,40
122.110.66.209,1,48
151.150.78.69,5,349
116.133.1.234,1,52
62.102.37.55,1,40
95.218.227.241,1,40
66.68.172.104,1,40
210.237.124.214,1,60
173.221.209.73,328,473487
123.7.244.46,1,76
187.176.243.82,1,44
221.46.183.56,1,60
124.160.160.101,1,76
218.128.188.194,1,52
202.190.15.194,1,60
175.108.31.207,1,132
182.105.219.168,1,132
13.161.234.184,9,11672
178.195.127.108,2,80
182.145.37.67,1,76
194.5.242.252,1,40
158.81.182.112,1,40
14.159.201.145,1,48
182.186.23.87,1,92
203.136.223.230,1,84
71.230.250.94,1,40
182.128.152.102,1,52
88.158.168.166,1,40
123.107.207.159,1,132
45.126.28.94,1,40
90.113.152.37,1,40
177.209.26.71,1,40
220.152.41.93,1,52
172.107.188.175,1,58
139.173.130.252,1,40
39.78.135.119,1,52
17.199.26.245,623,32420
2.215.15.156,1,40
139.173.181.0,1,40
37.17.194.53,2,80
191.253.230.112,1,40
27.239.86.187,1,40
122.119.206.87,1,40
1.27.183.183,1,52
113.23.146.249,1,40
138.185.167.66,1,44
113.161.83.78,1,48
188.186.100.0,1,44
156.52.110.64,1,40
71.230.250.45,1,40
71.230.250.157,1,40
190.29.124.179,1,60
109.202.173.251,1,40
59.120.154.87,1,40
175.167.217.57,1,64
117.248.246.139,1,40
52.251.193.224,1,76
203.72.53.38,6,1229
154.140.35.148,1,48
94.198.56.156,1,40
41.171.74.34,1,40
5.40.20.83,1,52
89.149.242.141,1,40
106.96.220.11,1,40
117.193.206.165,1,60
221.97.55.47,1,40
142.161.72.30,1,167
111.246.88.37,1,52
159.52.225.36,1,40
60.19.60.89,1,76
24.203.109.99,1,44
125.33.142.80,1,44
221.141.26.254,1,128
118.199.151.51,1,48
61.40.84.245,1,60
69.242.149.223,1,64
121.156.239.144,1,40
42.203.112.155,1,48
122.58.172.232,1,44
202.53.84.200,1,40
79.100.116.186,1,40
92.119.211.175,1,40
185.103.177.121,1,40
106.88.237.29,1,48
187.219.218.98,1,40
157.42.66.218,2,80
94.138.81.47,1,84
67.238.250.90,10,15077
52.15.116.193,1,76
183.86.227.72,1,40
139.218.195.194,2,80
140.229.185.91,1,76
13.30.115.186,1,83
173.241.199.223,1,88
94.210.9.160,1,40
14.182.185.238,1,52
222.191.85.148,1,60
87.160.148.76,1,40
14.18.131.226,1,76
221.42.118.162,2,80
107.178.203.197,1,52
80.143.86.104,1,40
219.106.70.129,1,40
186.29.109.138,1,40
181.5.24.101,1,60
118.33.25.145,2,1310
118.78.167.79,1,48
117.112.163.107,1,28
117.242.128.255,1,52
110.93.200.59,1,74
71.230.250.208,1,40
78.85.117.149,1,40
37.25.217.222,1,40
179.82.211.30,1,40
172.201.167.201,2,80
152.35.97.234,1,40
103.232.211.103,1,40
198.100.85.50,2,100
118.113.79.254,1,44
171.62.24.147,1,52
95.197.169.156,1,48
23.92.224.101,2,719
46.229.186.154,1,32
113.45.199.57,1,132
110.93.200.122,2,148
208.102.62.190,1,83
71.230.250.33,2,80
210.224.102.3,1,40
114.200.164.195,1,40
91.54.227.24,1,40
118.5.234.117,1,60
37.106.226.156,1,40
41.37.18.154,1,40
156.54.13.121,1,40
218.7.83.147,1,40
52.252.250.166,1,76
177.212.103.72,1,44
23.85.3.204,1,52
140.231.185.59,1,52
54.240.187.109,3,151
211.236.126.187,1,40
1.141.138.114,1,48
173.212.132.165,1,40
1.195.212.213,1,76
217.219.233.23,1,40
80.136.146.151,1,40
152.59.82.192,1,40
79.168.158.70,1,40
217.178.79.17,3,176
27.64.55.244,1,60
216.68.133.188,1,135
103.204.93.75,2,905
93.254.178.19,1,40
27.122.116.244,1,52
115.65.103.145,1,44
27.247.14.237,1,60
117.117.90.189,9,13564
63.128.21.238,2,80
35.28.171.95,5,660
223.58.155.107,1,132
59.108.106.210,1,52
162.8.33.57,6,5906
47.125.230.141,1,40
197.54.214.152,1,40
49.49.30.125,1,52
176.106.95.46,1,40
177.44.155.76,1,40
221.123.6.147,1,44
125.13.42.117,1,52
124.36.151.129,49,2352
115.62.28.108,1,54
113.196.234.113,1,104
216.68.133.214,13,4992
27.242.136.45,1,60
31.208.102.123,1,40
182.193.37.111,1,40
1.214.114.61,1,44
217.133.43.10,1,44
183.169.143.154,1,40
85.211.199.201,1,96
2.64.29.87,1,44
90.113.144.134,1,40
27.250.145.74,1,52
166.248.172.248,1,32
172.249.30.150,1,48
159.52.41.98,1,40
111.87.212.238,1,52
74.193.112.183,1,52
180.158.94.133,1,52
167.148.68.210,1,40
52.255.208.104,1,76
114.162.128.46,1,52
5.30.119.255,1,40
106.62.26.76,1,132
178.165.4.2,1,48
134.154.232.45,4,432
13.161.234.202,3,1297
5.64.104.154,1,40
59.151.248.115,1,52
111.180.125.117,1,60
149.0.14.190,1,40
172.249.162.197,3,219
185.13.104.254,1,58
153.28.7.187,1,40
59.2.158.52,1,60
171.199.9.175,1,48
18.233.76.255,4,272
83.196.119.187,1,40
178.7.171.131,1,40
1.46.179.106,1,60
193.163.115.225,1,40
178.223.243.99,1,40
60.0.19.216,10,4294
147.130.103.26,1,52
122.189.4.98,1,48
52.245.134.11,3,327
152.57.197.215,1,40
195.63.124.196,1,52
175.175.110.122,1,76
37.195.249.209,1,52
138.53.133.81,1,44
1.48.23.203,1,52
151.150.187.160,6,7896
156.37.16.139,1,40
142.161.207.203,1,40
101.213.17.217,1,40
139.173.140.86,1,40
106.94.123.173,1,40
110.103.248.63,1,76
190.179.61.142,1,40
121.110.167.154,1,48
70.31.213.19,1,44
126.53.143.215,12,1365
136.141.209.106,2,797
88.11.63.84,2,80
173.221.209.214,3,176
173.221.209.54,3,176
173.221.210.86,3,176
27.36.199.196,1,40
61.227.203.167,1,48
177.228.11.202,1,40
218.159.181.163,1,52
60.137.167.13,1,40
129.240.11.229,1,40
90.78.144.180,1,40
61.127.58.166,1,74
125.13.14.227,1,58
195.219.120.234,1,40
178.47.88.35,1,44
185.195.79.27,2,80
222.19.134.111,1,52
210.46.29.41,1,44
159.52.36.12,3,120
71.230.250.161,1,40
203.121.41.235,6,448
5.64.104.137,1,40
111.117.187.167,1,40
95.136.135.37,1,40
220.144.75.211,1,40
39.36.71.154,1,44
211.22.245.15,1,60
107.160.57.22,2,973
45.33.75.113,2,80
184.10.69.7,2,104
101.225.58.130,1,76
50.241.164.194,1,60
149.55.50.66,1,40
71.230.250.59,1,40
189.224.218.103,1,40
114.163.99.224,1,52
18.232.186.165,1,71
175.175.102.5,1,76
94.231.23.87,1,44
220.137.123.216,2,104
54.214.28.253,2,146
125.44.54.201,1,40
68.158.255.61,1,40
188.105.9.46,2,88
219.197.186.59,1,44
189.35.7.17,1,40
123.48.42.29,1,40
220.37.2.173,1,40
54.181.115.228,1,76
64.160.77.53,1,52
151.150.76.97,1,52
88.11.63.73,1,40
111.204.220.213,1,60
110.83.50.126,1,52
113.160.188.1,1,44
59.52.189.195,1,40
201.224.198.157,2,80
221.130.174.43,1,40
182.188.159.38,1,40
52.6.123.21,1,40
124.238.147.66,1,52
139.173.163.35,2,80
54.33.216.211,1,76
43.206.188.156,1,40
41.162.31.248,1,40
84.53.38.210,1,40
71.230.250.237,1,40
150.26.59.155,1,52
221.222.51.161,2,158
66.13.38.38,1,52
182.188.173.246,1,40
108.73.146.224,1,60
58.207.31.199,1,40
217.128.146.231,1,44
113.161.215.42,1,52
67.208.23.52,1,40
13.206.14.204,1,76
197.204.156.234,1,52
188.11.170.172,1,40
61.26.76.153,1,40
203.136.241.38,1,44
217.178.79.18,1,64
154.119.91.51,1,32
115.32.235.42,1,40
179.64.150.108,1,44
123.150.8.83,1,40
106.247.205.50,1,52
36.17.139.112,1,40
115.65.107.149,1,44
52.90.100.13,1,69
8.216.201.196,2,142
134.214.229.157,1,40
94.67.60.125,1,40
113.49.92.248,1,76
42.239.206.155,1,40
71.230.250.215,2,80
196.38.55.231,1,40
35.9.236.244,1,52
83.193.78.169,1,40
213.222.241.195,1,84
141.33.96.146,1,40
78.68.254.3,1,44
118.6.53.92,1,48
129.240.107.17,1,40
121.67.159.77,1,52
218.239.215.96,1,60
182.101.233.78,2,88
35.89.89.94,4,285
118.66.193.124,1,86
104.240.37.186,1,40
144.100.57.196,2,80
180.95.171.58,1,64
72.216.245.235,1,131
91.51.162.158,3,231
63.195.14.26,1,40
1.154.140.161,10,919
178.223.105.106,1,40
14.218.209.215,1,48
112.11.164.141,1,48
35.9.233.107,1,52
202.147.113.98,1,40
172.202.53.137,2,80
23.95.94.26,1,52
108.73.145.32,1,52
203.136.255.243,1,44
181.45.215.123,3,132
182.100.107.233,1,48
61.219.77.222,1,60
119.66.136.80,1,60
49.144.61.205,1,60
209.169.180.115,1,40
1.76.16.185,1,60
119.182.24.238,1,132
111.198.74.247,1,52
202.199.233.28,12,806
157.247.180.46,1,52
123.232.30.3,1,44
179.83.116.39,1,40
192.240.84.239,1,70
182.89.137.220,1,40
2.209.114.163,1,40
212.217.232.90,1,48
94.236.200.58,1,44
52.79.224.219,1,99
208.99.114.236,1,40
54.33.103.12,1,76
71.230.250.54,1,40
122.170.159.251,2,80
182.133.122.206,1,52
87.251.194.173,1,40
65.235.124.31,1,40
202.114.132.71,1,52
114.168.252.41,2,96
182.75.45.142,1,44
37.189.44.50,1,40
88.11.63.70,1,40
175.33.4.84,1,40
156.54.214.117,1,40
199.162.7.102,1,58
104.6.71.120,8,640
27.241.189.241,1,48
80.154.3.150,1,40
207.11.168.122,1,60
151.44.238.168,1,44
173.189.65.250,1,48
27.40.98.114,1,52
45.75.208.110,1,40
92.184.107.209,1,60
180.145.82.25,1,84
113.214.83.18,1,76
218.165.176.55,1,180
117.46.6.1,1,58
86.195.166.31,1,44
85.22.211.185,1,44
187.157.200.122,1,40
37.192.96.252,1,40
202.11.41.73,1,52
122.224.88.111,1,60
202.105.85.172,1,40
38.114.185.149,1,60
14.33.242.164,1,44
194.157.79.25,1,60
122.252.231.238,1,52
62.211.192.19,1,44
120.218.179.25,1,52
213.70.135.248,2,80
185.118.137.19,1,52
82.55.0.134,1,52
144.47.202.75,8,540
77.215.85.236,1,32
113.39.65.42,1,60
126.55.248.40,5,2969
151.203.6.248,1,44
122.180.152.248,1,60
120.159.248.12,1,76
118.134.108.229,1,40
112.49.2.76,1,40
170.195.203.219,1,44
36.175.34.241,1,60
74.51.26.153,1,56
77.3.179.209,1,92
148.245.80.95,1,60
94.0.108.39,1,44
123.141.8.88,1,76
183.167.123.98,1,52
183.255.191.231,1,52
37.17.211.88,1,40
36.223.22.238,1,40
200.255.89.39,1,40
31.154.135.61,1,40
205.58.75.248,1,284
86.163.27.134,1,44
31.102.11.40,1,40
182.243.128.16,14,3140
211.230.117.190,1,40
37.73.48.20,1,40
91.106.222.170,1,60
222.72.67.166,1,52
213.80.107.53,1,44
168.27.0.221,1,44
139.173.135.232,1,40
220.147.112.42,1,40
14.18.51.239,1,60
60.154.199.33,1,52
181.115.190.211,1,40
201.65.136.116,1,40
140.209.213.56,1,52
171.212.230.254,1,52
86.100.46.67,1,60
73.8.2.205,1,40
82.246.114.55,1,60
27.247.50.171,1,48
200.56.86.37,1,60
190.29.120.90,1,60
35.74.42.110,1,40
59.64.174.131,1,40
125.205.62.21,1,76
31.84.194.176,1,52
78.89.191.118,1,44
178.222.105.249,1,40
37.59.157.8,1,40
52.70.135.118,1,40
122.159.221.133,1,52
3.226.218.133,1,60
104.87.92.84,1,52
118.248.121.63,2,80
182.100.100.94,1,52
88.242.143.218,1,56
172.249.31.78,42,49790
113.28.151.221,1,48
24.33.113.147,1,52
84.181.188.32,1,83
191.221.107.135,1,40
119.173.115.212,1,52
218.82.128.233,1,44
168.26.40.122,1,44
186.30.163.2,1,60
211.59.223.39,1,40
5.235.202.59,1,40
82.55.99.85,1,52
64.129.242.191,1,96
59.58.55.207,1,60
52.248.204.95,1,76
187.66.244.206,1,40
103.216.141.46,1,44
41.33.248.171,1,40
90.113.151.1,1,40
52.103.39.17,1,52
134.252.215.66,1,44
108.73.145.168,8,3384
123.186.161.198,1,76
118.89.27.101,1,40
183.152.7.7,1,52
93.70.237.9,1,40
115.18.18.193,2,120
121.2.24.52,1,60
27.42.129.253,1,52
211.176.139.209,1,40
177.116.108.30,1,44
217.178.79.24,2,142
60.81.60.173,1,40
74.193.190.157,1,52
58.194.183.21,1,60
116.78.14.138,1,60
112.231.131.20,1,40
34.227.118.222,1,103
125.172.56.104,1,40
114.168.216.51,1,40
116.208.206.7,1,44
104.12.227.166,1,52
221.199.107.190,1,48
219.104.167.184,1,52
220.249.176.97,1,76
85.29.12.145,1,44
205.58.75.226,1,230
191.242.124.31,1,44
213.237.190.135,1,52
119.133.73.254,1,60
121.113.31.245,1,180
112.162.95.26,2,88
208.123.79.44,1,504
109.165.184.253,1,40
115.50.34.217,1,76
1.42.106.169,1,60
88.34.116.246,1,40
194.217.87.227,1,48
140.144.237.137,1,40
31.163.148.197,1,40
17.193.180.253,1,76
113.189.212.59,1,44
31.163.59.52,1,40
106.102.143.127,1,76
18.182.191.119,1,76
115.91.235.57,1,76
92.202.227.54,1,40
52.251.55.73,1,76
126.154.173.123,1,52
125.34.75.5,1,44
126.48.90.135,1,79
184.38.249.116,1,64
115.65.252.61,1,44
108.133.28.219,1,40
49.233.154.116,1,1433
203.3.83.244,1,40
179.190.142.41,1,48
139.173.183.79,1,40
125.35.4.30,1,44
156.47.49.91,1,40
185.72.26.108,2,80
122.56.249.25,1,44
123.19.23.212,1,44
188.209.188.25,1,84
42.59.110.193,1,40
65.11.121.38,1,52
125.244.23.183,1,132
186.43.104.184,2,88
113.8.112.181,1,48
5.64.104.138,1,40
118.114.193.148,1,91
124.43.19.233,1,76
139.173.159.118,1,40
111.73.123.96,1,60
183.97.48.41,1,40
5.140.243.47,1,40
184.116.181.81,1,52
93.6.92.217,1,52
106.57.18.23,1,76
46.185.84.250,1,40
171.164.12.28,1,60
27.64.123.17,1,52
172.249.162.132,7,2446
190.188.177.242,1,40
156.48.1.171,1,40
118.206.17.63,1,40
180.73.227.146,1,48
125.167.217.90,1,52
197.60.179.162,1,40
17.193.61.75,1,112
113.187.174.170,1,52
83.123.119.86,1,44
123.154.38.79,1,60
95.87.89.172,1,44
78.234.108.43,1,40
183.161.24.86,1,48
23.95.95.251,1,52
34.208.255.114,1,83
110.201.157.13,1,48
194.132.146.159,1,44
188.11.128.209,1,40
94.223.5.225,1,44
1.95.105.76,1,52
35.15.72.151,7,556
114.193.252.128,1,40
185.187.125.235,1,48
181.173.209.14,1,40
110.200.141.113,1,76
193.143.207.92,1,52
218.99.215.71,1,40
151.180.220.205,1,44
104.248.65.1,1,40
139.173.99.128,1,118
189.97.132.132,1,40
73.13.246.158,1,40
220.252.128.96,1,40
101.118.15.157,1,76
88.11.63.80,1,40
104.111.168.123,1,83
188.11.160.80,1,40
211.219.187.194,1,74
205.58.79.223,2,536
182.199.54.196,1,40
183.204.199.158,1,52
183.249.90.30,1,52
130.70.240.208,1,28
8.247.244.137,1,203
71.230.250.17,1,40
58.114.155.159,1,40
96.215.36.180,1,40
183.237.49.78,1,177
118.134.211.233,1,52
221.24.213.84,1,52
162.98.85.180,1,75
37.17.211.192,1,40
123.121.212.4,1,60
189.88.88.121,1,40
180.126.34.240,1,52
119.142.0.252,1,60
188.200.206.220,1,52
122.224.218.70,1,132
197.34.78.179,1,40
218.165.176.54,1,130
126.23.12.43,1,92
179.81.90.115,1,40
178.222.225.109,1,40
177.229.14.22,1,52
51.61.206.233,1,60
172.70.192.170,1,40
221.134.205.187,1,76
222.219.91.51,1,40
5.97.241.52,1,40
36.170.58.77,1,76
71.230.250.253,1,40
170.209.207.59,1,131
140.205.88.68,2,271
140.205.88.88,2,228
61.111.158.215,1,52
197.44.132.142,1,60
91.222.13.93,1,44
121.240.60.219,1,60
117.38.234.161,1,48
46.12.95.149,1,40
78.68.225.221,1,40
175.141.15.199,1,52
171.57.182.172,1,40
124.53.135.5,1,168
118.135.205.28,1,60
173.221.209.203,1102,1598134
179.83.19.115,1,40
110.67.153.68,1,60
84.54.245.101,1,60
61.226.1.73,1,52
14.244.84.133,1,52
118.93.119.179,1,52
121.229.184.184,1,40
175.51.248.12,2,80
83.6.32.252,1,48
125.236.0.212,1,48
186.28.152.144,1,44
222.102.150.226,1,40
119.78.60.63,1,52
111.123.77.47,1,60
86.221.196.254,1,52
202.121.215.158,1,40
189.34.227.204,1,40
183.172.117.74,1,52
95.199.112.105,1,52
91.106.222.169,1,60
71.230.250.135,1,40
162.61.78.113,1,40
115.65.253.209,1,44
114.233.151.232,1,40
112.187.226.3,1,40
222.213.11.203,1,58
186.107.54.202,1,40
189.209.169.43,1,40
114.50.132.84,1,60
113.105.70.60,1,132
80.20.73.165,1,40
191.109.157.186,1,40
219.106.57.23,1,44
14.248.79.46,1,52
188.24.89.183,1,40
169.226.15.194,1,40
172.126.212.142,1,60
54.48.15.164,1,76
31.154.7.188,1,40
2.206.21.37,1,40
71.230.250.227,1,40
122.246.167.94,1,58
203.19.247.107,1,421
86.169.50.232,1,40
52.77.134.226,1,60
60.58.93.218,1,40
218.89.169.44,1,48
178.222.76.189,1,40
27.234.224.189,1,40
54.49.101.122,1,76
118.197.40.152,1,48
13.205.219.162,1,76
112.30.212.245,1,76
113.117.246.85,1,76
186.30.228.249,2,80
151.168.61.45,1,60
94.156.231.61,1,52
123.168.84.148,1,48
13.161.234.164,80,111762
14.8.33.200,1,52
64.22.160.67,1,69
182.189.86.243,1,40
218.227.196.249,1,56
60.92.229.230,1,48
89.88.162.33,1,60
47.245.79.100,1,64
54.227.106.31,1,76
185.211.37.53,1,40
71.230.250.138,1,40
203.136.241.37,1,44
58.195.57.213,1,48
131.94.144.7,1,44
126.42.110.174,1,76
14.38.213.10,1,60
60.78.204.15,1,48
121.70.18.127,1,40
139.173.133.45,1,40
181.117.227.105,1,60
89.214.30.105,1,40
117.99.26.64,1,52
92.12.110.74,1,40
156.33.180.70,1,40
172.249.162.141,4,1430
220.235.143.79,1,44
118.96.86.107,1,40
177.162.185.49,1,40
180.163.15.38,1,60
1.83.154.31,1,40
96.64.158.128,1,40
94.89.157.181,1,40
86.199.207.131,1,40
142.161.25.145,1,40
60.90.175.218,1,48
1.89.252.211,1,40
125.213.222.88,1,60
104.13.55.144,1,52
54.167.165.215,1,136
119.43.53.36,1,52
49.48.246.70,1,52
184.42.207.69,1,40
222.79.0.239,1,76
46.57.136.86,1,48
41.154.180.199,1,32
219.123.217.30,1,52
59.62.76.37,1,76
74.193.23.96,1,60
119.157.124.10,1,40
139.235.11.60,1,76
87.181.170.245,1,60
220.146.107.172,1,40
90.113.146.254,1,40
221.42.117.97,1,40
221.97.123.251,1,40
74.193.187.99,1,71
179.123.75.165,1,60
221.7.84.99,1,76
39.40.123.74,1,40
172.103.54.118,1,40
74.193.190.134,75,93192
88.66.205.29,1,44
13.206.77.117,1,76
49.192.68.240,1,76
193.199.227.103,2,80
138.31.126.14,1,44
36.197.13.70,1,76
37.17.171.181,1,40
140.229.106.11,1,76
103.217.229.89,1,40
81.226.62.83,1,40
91.212.60.181,1,40
123.155.99.90,1,52
31.163.216.168,1,40
83.206.30.103,1,40
200.167.30.160,1,40
5.238.136.139,1,52
222.236.120.212,1,40
54.249.135.75,2,146
106.48.25.202,1,76
159.137.10.215,1,52
34.201.78.215,2,80
221.26.176.188,1,132
117.31.22.140,1,40
188.139.123.30,1,40
220.144.236.60,1,40
111.180.104.142,1,48
78.111.127.86,1,40
123.107.207.189,1,132
52.227.119.142,25,24278
41.169.118.181,1,40
213.19.109.196,1,52
222.244.245.116,1,48
172.249.25.179,5,1591
196.166.190.110,1,40
134.214.106.33,1,40
31.163.12.120,1,40
165.229.141.192,3,120
124.86.170.212,1,40
187.199.213.177,1,40
156.34.250.65,1,40
124.165.80.188,1,40
85.28.5.229,1,40
24.49.107.191,1,44
111.223.129.156,1,40
90.113.149.156,1,40
171.57.214.250,1,60
54.249.244.67,1,76
185.201.112.110,1,40
221.127.181.125,1,44
5.64.104.130,1,40
182.157.79.131,1,40
122.111.195.237,1,48
88.11.63.92,1,40
95.136.247.6,1,52
82.33.106.190,1,44
60.111.182.55,1,64
61.75.61.41,1,44
67.4.187.253,1,52
177.17.233.172,1,44
117.228.4.59,1,40
183.146.172.116,1,60
112.165.5.81,1,40
185.157.99.234,2,104
113.51.136.208,1,48
122.60.26.185,1,44
118.112.108.49,1,44
171.49.225.238,1,52
123.195.108.43,1,40
177.125.32.52,1,44
42.227.115.136,1,52
18.178.67.14,1,76
13.161.239.27,1,52
112.204.44.72,1,48
93.78.112.146,1,60
85.16.125.143,1,40
112.190.171.238,1,60
219.199.142.77,1,44
175.84.34.198,1,58
182.110.107.133,1,52
195.54.145.138,1,84
172.249.30.184,6,601
49.218.181.231,1,52
31.163.192.22,1,40
185.227.139.125,1,40
213.143.202.213,1,60
52.15.135.22,3,156
101.212.67.170,1,40
61.112.145.150,1,76
54.51.3.251,1,84
110.239.149.75,1,58
211.91.21.214,1,40
86.220.82.84,1,40
202.112.40.226,1,40
218.195.157.97,1,64
91.31.22.48,1,44
219.106.108.197,1,40
62.38.67.78,2,100
116.21.193.11,1,52
92.107.107.65,1,44
183.161.1.57,1,48
206.9.8.109,1,40
5.255.241.39,1,84
78.68.242.185,1,40
77.148.32.106,1,52
123.176.55.53,1,52
173.88.254.129,1,40
5.125.216.101,1,40
64.199.42.167,1,119
1.80.214.49,1,52
177.191.163.94,1,32
220.131.74.133,1,96
222.82.79.16,1,40
49.30.145.51,1,52
172.249.31.73,1,52
5.87.67.2,1,60
85.14.14.73,1,40
204.205.31.133,1,52
213.204.146.78,1,40
212.33.49.150,1,60
78.64.155.33,1,44
221.129.241.32,1,76
61.78.83.22,1,60
181.128.78.89,1,40
211.178.83.94,1,60
79.176.11.182,1,256
112.38.176.126,1,84
111.202.101.106,1,40
207.168.216.187,1,40
41.163.254.45,1,40
93.35.239.30,1,60
5.36.162.253,1,40
172.65.235.8,1,40
45.56.125.32,3,195
93.163.222.78,1,60
217.178.79.27,3,173
72.243.37.21,1,52
111.173.202.89,1,132
17.192.251.216,2,157
5.144.241.49,1,40
59.162.230.117,1,40
86.130.45.59,1,44
222.115.114.161,1,28
200.253.128.92,1,40
179.220.222.225,1,40
134.248.97.191,1,52
167.139.227.189,1,60
60.81.138.26,1,92
50.218.143.137,1,40
210.220.54.128,1,119
81.167.255.107,1,40
88.11.63.72,1,40
185.250.36.147,1,40
182.193.36.141,1,52
187.233.206.214,1,60
23.95.92.3,1,52
201.195.12.90,1,40
121.174.155.236,1,52
121.87.192.109,1,52
59.25.123.16,1,40
52.251.27.55,1,76
52.250.174.128,1,52
31.135.34.125,1,52
177.207.198.180,1,40
88.11.63.68,1,40
203.136.241.35,1,44
45.168.37.119,1,44
61.104.131.187,1,132
182.193.62.15,1,40
223.58.141.230,1,48
27.243.202.16,1,52
172.249.30.186,2,167
61.72.97.40,1,52
52.252.73.175,1,76
157.201.202.98,1,60
162.12.36.19,1,40
201.193.137.196,1,40
59.126.76.10,1,40
14.231.117.104,1,52
27.37.109.214,1,60
182.176.7.22,1,40
117.50.42.233,1,60
119.123.31.239,1,32
117.37.212.135,1,40
183.188.156.148,1,52
178.222.239.22,1,40
221.15.47.148,1,48
124.135.11.142,1,76
207.92.16.120,1,96
4.99.250.26,1,55
211.144.77.138,1,40
123.180.205.1,1,52
54.167.221.254,2,487
203.19.124.100,1,44
94.198.64.54,1,40
221.9.242.142,1,40
13.207.75.79,1,76
104.167.119.185,1,56
198.26.114.247,1,149
114.168.3.205,1,40
123.115.171.248,1,132
124.9.103.126,1,52
42.106.141.140,1,52
109.19.137.186,1,40
52.249.81.207,1,76
104.7.145.190,1,52
92.194.234.114,1,40
52.254.226.193,1,135
49.241.146.195,1,48
13.206.114.187,1,76
223.104.211.25,1,52
183.154.153.220,1,40
116.137.68.3,1,48
171.166.163.139,1,40
183.251.61.232,1,52
197.46.183.172,1,40
138.58.113.119,1,40
202.144.203.110,1,76
89.214.250.27,1,40
45.21.20.102,1,40
114.168.132.140,2,80
113.220.0.194,1,40
123.107.207.162,1,132
218.30.67.67,1,40
187.239.23.110,1,40
111.172.155.125,1,48
111.207.94.92,1,40
217.178.79.23,1,64
123.171.165.227,1,40
115.205.62.25,1,58
2.212.6.145,1,40
106.116.115.60,1,60
222.99.55.234,1,60
112.200.224.176,1,40
5.46.160.156,1,44
190.186.54.174,1,40
